﻿<?xml version="1.0" encoding="UTF-8" standalone="yes"?><Activities><Activity><DateTime>02-06-2016 10:09:06 PM</DateTime><SessionID>jylhmz51xursd3iemkluay0t</SessionID><UID></UID><Summary>Some info was loged on 02 June 2016 10:09:06 PM</Summary><Message>New Session Started : 16393 jylhmz51xursd3iemkluay0t</Message><User type="Guest">ARS000</User><Info><Verb>GET</Verb><URL>localhost/takeoff/XmlTransform.aspx</URL><ServerIP>192.168.1.115 THE_MACHINE</ServerIP><ClientIP>::1 ::1</ClientIP></Info><Browser><Name>Chrome</Name><Version>50.0</Version><CookieSupport>True</CookieSupport><JSSupport>True</JSSupport><Platform>WinNT</Platform></Browser><ElementsInSession>2</ElementsInSession><ElementsInCookies>1</ElementsInCookies><ElementsInCache>0</ElementsInCache></Activity><Activity><DateTime>02-06-2016 10:09:08 PM</DateTime><SessionID>jylhmz51xursd3iemkluay0t</SessionID><UID></UID><Summary>Some info was loged on 02 June 2016 10:09:08 PM</Summary><Message>Get successfull for username : Guest</Message><User type="Guest">ARS000</User><Info><Verb>GET</Verb><URL>localhost/takeoff/login.aspx</URL><ServerIP>192.168.1.115 THE_MACHINE</ServerIP><ClientIP>::1 ::1</ClientIP></Info><Browser><Name>Chrome</Name><Version>50.0</Version><CookieSupport>True</CookieSupport><JSSupport>True</JSSupport><Platform>WinNT</Platform></Browser><ElementsInSession>1</ElementsInSession><ElementsInCookies>2</ElementsInCookies><ElementsInCache>0</ElementsInCache></Activity><Activity><DateTime>02-06-2016 10:10:27 PM</DateTime><SessionID>jylhmz51xursd3iemkluay0t</SessionID><UID></UID><Summary>Some info was loged on 02 June 2016 10:10:27 PM</Summary><Message>New Session Started : 16393 jylhmz51xursd3iemkluay0t</Message><User type="Guest">ARS000</User><Info><Verb>GET</Verb><URL>localhost/takeoff/XmlTransform.aspx</URL><ServerIP>192.168.1.115 THE_MACHINE</ServerIP><ClientIP>::1 ::1</ClientIP></Info><Browser><Name>Chrome</Name><Version>50.0</Version><CookieSupport>True</CookieSupport><JSSupport>True</JSSupport><Platform>WinNT</Platform></Browser><ElementsInSession>2</ElementsInSession><ElementsInCookies>1</ElementsInCookies><ElementsInCache>0</ElementsInCache></Activity><Activity><DateTime>02-06-2016 10:10:27 PM</DateTime><SessionID>jylhmz51xursd3iemkluay0t</SessionID><UID></UID><Summary>Some info was loged on 02 June 2016 10:10:27 PM</Summary><Message>Get successfull for username : Guest</Message><User type="Guest">ARS000</User><Info><Verb>GET</Verb><URL>localhost/takeoff/XmlTransform.aspx</URL><ServerIP>192.168.1.115 THE_MACHINE</ServerIP><ClientIP>::1 ::1</ClientIP></Info><Browser><Name>Chrome</Name><Version>50.0</Version><CookieSupport>True</CookieSupport><JSSupport>True</JSSupport><Platform>WinNT</Platform></Browser><ElementsInSession>2</ElementsInSession><ElementsInCookies>1</ElementsInCookies><ElementsInCache>0</ElementsInCache></Activity><Activity><DateTime>02-06-2016 10:13:10 PM</DateTime><SessionID>jylhmz51xursd3iemkluay0t</SessionID><UID></UID><Summary>Some info was loged on 02 June 2016 10:13:10 PM</Summary><Message>Get successfull for username : Guest</Message><User type="Guest">ARS000</User><Info><Verb>GET</Verb><URL>localhost/takeoff/XmlTransform.aspx?type=App&amp;fid=06022016_16.xml</URL><ServerIP>192.168.1.115 THE_MACHINE</ServerIP><ClientIP>::1 ::1</ClientIP></Info><Browser><Name>Chrome</Name><Version>50.0</Version><CookieSupport>True</CookieSupport><JSSupport>True</JSSupport><Platform>WinNT</Platform></Browser><ElementsInSession>2</ElementsInSession><ElementsInCookies>1</ElementsInCookies><ElementsInCache>0</ElementsInCache></Activity><Activity><DateTime>02-06-2016 10:28:06 PM</DateTime><SessionID>jylhmz51xursd3iemkluay0t</SessionID><UID></UID><Summary>Some info was loged on 02 June 2016 10:28:06 PM</Summary><Message>New Session Started : 16393 jylhmz51xursd3iemkluay0t</Message><User type="Guest">ARS000</User><Info><Verb>GET</Verb><URL>localhost/takeoff/SelectActivity.aspx</URL><ServerIP>192.168.0.24 THE_MACHINE</ServerIP><ClientIP>::1 ::1</ClientIP></Info><Browser><Name>Chrome</Name><Version>50.0</Version><CookieSupport>True</CookieSupport><JSSupport>True</JSSupport><Platform>WinNT</Platform></Browser><ElementsInSession>2</ElementsInSession><ElementsInCookies>1</ElementsInCookies><ElementsInCache>0</ElementsInCache></Activity><Activity><DateTime>02-06-2016 10:28:07 PM</DateTime><SessionID>jylhmz51xursd3iemkluay0t</SessionID><UID></UID><Summary>Some info was loged on 02 June 2016 10:28:07 PM</Summary><Message>Get successfull for username : Guest</Message><User type="Guest">ARS000</User><Info><Verb>GET</Verb><URL>localhost/takeoff/SelectActivity.aspx</URL><ServerIP>192.168.0.24 THE_MACHINE</ServerIP><ClientIP>::1 ::1</ClientIP></Info><Browser><Name>Chrome</Name><Version>50.0</Version><CookieSupport>True</CookieSupport><JSSupport>True</JSSupport><Platform>WinNT</Platform></Browser><ElementsInSession>2</ElementsInSession><ElementsInCookies>1</ElementsInCookies><ElementsInCache>0</ElementsInCache></Activity><Activity><DateTime>02-06-2016 10:28:18 PM</DateTime><SessionID>jylhmz51xursd3iemkluay0t</SessionID><UID></UID><Summary>Some info was loged on 02 June 2016 10:28:18 PM</Summary><Message>Get successfull for username : Guest</Message><User type="Guest">ARS000</User><Info><Verb>POST</Verb><URL>localhost/takeoff/SelectActivity.aspx</URL><ServerIP>192.168.0.24 THE_MACHINE</ServerIP><ClientIP>::1 ::1</ClientIP><ReffererURL>localhost/takeoff/SelectActivity.aspx</ReffererURL></Info><Browser><Name>Chrome</Name><Version>50.0</Version><CookieSupport>True</CookieSupport><JSSupport>True</JSSupport><Platform>WinNT</Platform></Browser><ElementsInSession>2</ElementsInSession><ElementsInCookies>1</ElementsInCookies><ElementsInCache>0</ElementsInCache></Activity><Activity><DateTime>02-06-2016 10:28:18 PM</DateTime><SessionID>jylhmz51xursd3iemkluay0t</SessionID><UID></UID><Summary>Some info was loged on 02 June 2016 10:28:18 PM</Summary><Message>Get successfull for username : Guest</Message><User type="Guest">ARS000</User><Info><Verb>GET</Verb><URL>localhost/takeoff/XmlTransform.aspx?type=App&amp;fid=06022016_22.xml</URL><ServerIP>192.168.0.24 THE_MACHINE</ServerIP><ClientIP>::1 ::1</ClientIP><ReffererURL>localhost/takeoff/SelectActivity.aspx</ReffererURL></Info><Browser><Name>Chrome</Name><Version>50.0</Version><CookieSupport>True</CookieSupport><JSSupport>True</JSSupport><Platform>WinNT</Platform></Browser><ElementsInSession>2</ElementsInSession><ElementsInCookies>1</ElementsInCookies><ElementsInCache>0</ElementsInCache></Activity><Activity><DateTime>02-06-2016 10:28:38 PM</DateTime><SessionID>jylhmz51xursd3iemkluay0t</SessionID><UID></UID><Summary>Some info was loged on 02 June 2016 10:28:38 PM</Summary><Message>Get successfull for username : Guest</Message><User type="Guest">ARS000</User><Info><Verb>GET</Verb><URL>localhost/takeoff/SelectActivity.aspx</URL><ServerIP>192.168.0.24 THE_MACHINE</ServerIP><ClientIP>::1 ::1</ClientIP></Info><Browser><Name>Chrome</Name><Version>50.0</Version><CookieSupport>True</CookieSupport><JSSupport>True</JSSupport><Platform>WinNT</Platform></Browser><ElementsInSession>2</ElementsInSession><ElementsInCookies>1</ElementsInCookies><ElementsInCache>0</ElementsInCache></Activity><Activity><DateTime>02-06-2016 10:29:02 PM</DateTime><SessionID>jylhmz51xursd3iemkluay0t</SessionID><UID></UID><Summary>Some info was loged on 02 June 2016 10:29:02 PM</Summary><Message>Get successfull for username : Guest</Message><User type="Guest">ARS000</User><Info><Verb>GET</Verb><URL>localhost/takeoff/selectactivity.aspx</URL><ServerIP>192.168.0.24 THE_MACHINE</ServerIP><ClientIP>::1 ::1</ClientIP></Info><Browser><Name>Chrome</Name><Version>50.0</Version><CookieSupport>True</CookieSupport><JSSupport>True</JSSupport><Platform>WinNT</Platform></Browser><ElementsInSession>2</ElementsInSession><ElementsInCookies>1</ElementsInCookies><ElementsInCache>0</ElementsInCache></Activity><Activity><DateTime>02-06-2016 10:29:08 PM</DateTime><SessionID>jylhmz51xursd3iemkluay0t</SessionID><UID></UID><Summary>Some info was loged on 02 June 2016 10:29:08 PM</Summary><Message>Get successfull for username : Guest</Message><User type="Guest">ARS000</User><Info><Verb>POST</Verb><URL>localhost/takeoff/selectactivity.aspx</URL><ServerIP>192.168.0.24 THE_MACHINE</ServerIP><ClientIP>::1 ::1</ClientIP><ReffererURL>localhost/takeoff/selectactivity.aspx</ReffererURL></Info><Browser><Name>Chrome</Name><Version>50.0</Version><CookieSupport>True</CookieSupport><JSSupport>True</JSSupport><Platform>WinNT</Platform></Browser><ElementsInSession>2</ElementsInSession><ElementsInCookies>1</ElementsInCookies><ElementsInCache>0</ElementsInCache></Activity><Activity><DateTime>02-06-2016 10:29:08 PM</DateTime><SessionID>jylhmz51xursd3iemkluay0t</SessionID><UID></UID><Summary>Some info was loged on 02 June 2016 10:29:08 PM</Summary><Message>Get successfull for username : Guest</Message><User type="Guest">ARS000</User><Info><Verb>GET</Verb><URL>localhost/takeoff/XmlTransform.aspx?type=App&amp;fid=06022016_22.xml</URL><ServerIP>192.168.0.24 THE_MACHINE</ServerIP><ClientIP>::1 ::1</ClientIP><ReffererURL>localhost/takeoff/selectactivity.aspx</ReffererURL></Info><Browser><Name>Chrome</Name><Version>50.0</Version><CookieSupport>True</CookieSupport><JSSupport>True</JSSupport><Platform>WinNT</Platform></Browser><ElementsInSession>2</ElementsInSession><ElementsInCookies>1</ElementsInCookies><ElementsInCache>0</ElementsInCache></Activity><Activity><DateTime>02-06-2016 10:30:17 PM</DateTime><SessionID>jylhmz51xursd3iemkluay0t</SessionID><UID></UID><Summary>Some info was loged on 02 June 2016 10:30:17 PM</Summary><Message>New Session Started : 16393 jylhmz51xursd3iemkluay0t</Message><User type="Guest">ARS000</User><Info><Verb>GET</Verb><URL>localhost/takeoff/SelectActivity.aspx</URL><ServerIP>192.168.0.24 THE_MACHINE</ServerIP><ClientIP>::1 ::1</ClientIP></Info><Browser><Name>Chrome</Name><Version>50.0</Version><CookieSupport>True</CookieSupport><JSSupport>True</JSSupport><Platform>WinNT</Platform></Browser><ElementsInSession>2</ElementsInSession><ElementsInCookies>1</ElementsInCookies><ElementsInCache>0</ElementsInCache></Activity><Activity><DateTime>02-06-2016 10:30:17 PM</DateTime><SessionID>jylhmz51xursd3iemkluay0t</SessionID><UID></UID><Summary>Some info was loged on 02 June 2016 10:30:17 PM</Summary><Message>Get successfull for username : Guest</Message><User type="Guest">ARS000</User><Info><Verb>GET</Verb><URL>localhost/takeoff/SelectActivity.aspx</URL><ServerIP>192.168.0.24 THE_MACHINE</ServerIP><ClientIP>::1 ::1</ClientIP></Info><Browser><Name>Chrome</Name><Version>50.0</Version><CookieSupport>True</CookieSupport><JSSupport>True</JSSupport><Platform>WinNT</Platform></Browser><ElementsInSession>2</ElementsInSession><ElementsInCookies>1</ElementsInCookies><ElementsInCache>0</ElementsInCache></Activity><Activity><DateTime>02-06-2016 10:30:24 PM</DateTime><SessionID>jylhmz51xursd3iemkluay0t</SessionID><UID></UID><Summary>Some info was loged on 02 June 2016 10:30:24 PM</Summary><Message>Get successfull for username : Guest</Message><User type="Guest">ARS000</User><Info><Verb>POST</Verb><URL>localhost/takeoff/SelectActivity.aspx</URL><ServerIP>192.168.0.24 THE_MACHINE</ServerIP><ClientIP>::1 ::1</ClientIP><ReffererURL>localhost/takeoff/SelectActivity.aspx</ReffererURL></Info><Browser><Name>Chrome</Name><Version>50.0</Version><CookieSupport>True</CookieSupport><JSSupport>True</JSSupport><Platform>WinNT</Platform></Browser><ElementsInSession>2</ElementsInSession><ElementsInCookies>1</ElementsInCookies><ElementsInCache>0</ElementsInCache></Activity><Activity><DateTime>02-06-2016 10:30:46 PM</DateTime><SessionID>jylhmz51xursd3iemkluay0t</SessionID><UID></UID><Summary>Some info was loged on 02 June 2016 10:30:46 PM</Summary><Message>Get successfull for username : Guest</Message><User type="Guest">ARS000</User><Info><Verb>POST</Verb><URL>localhost/takeoff/SelectActivity.aspx</URL><ServerIP>192.168.0.24 THE_MACHINE</ServerIP><ClientIP>::1 ::1</ClientIP><ReffererURL>localhost/takeoff/SelectActivity.aspx</ReffererURL></Info><Browser><Name>Chrome</Name><Version>50.0</Version><CookieSupport>True</CookieSupport><JSSupport>True</JSSupport><Platform>WinNT</Platform></Browser><ElementsInSession>2</ElementsInSession><ElementsInCookies>1</ElementsInCookies><ElementsInCache>0</ElementsInCache></Activity><Activity><DateTime>02-06-2016 10:31:11 PM</DateTime><SessionID>jylhmz51xursd3iemkluay0t</SessionID><UID></UID><Summary>Some info was loged on 02 June 2016 10:31:11 PM</Summary><Message>Get successfull for username : Guest</Message><User type="Guest">ARS000</User><Info><Verb>POST</Verb><URL>localhost/takeoff/SelectActivity.aspx</URL><ServerIP>192.168.0.24 THE_MACHINE</ServerIP><ClientIP>::1 ::1</ClientIP><ReffererURL>localhost/takeoff/SelectActivity.aspx</ReffererURL></Info><Browser><Name>Chrome</Name><Version>50.0</Version><CookieSupport>True</CookieSupport><JSSupport>True</JSSupport><Platform>WinNT</Platform></Browser><ElementsInSession>2</ElementsInSession><ElementsInCookies>1</ElementsInCookies><ElementsInCache>0</ElementsInCache></Activity><Activity><DateTime>02-06-2016 10:31:13 PM</DateTime><SessionID>jylhmz51xursd3iemkluay0t</SessionID><UID></UID><Summary>Some info was loged on 02 June 2016 10:31:13 PM</Summary><Message>Get successfull for username : Guest</Message><User type="Guest">ARS000</User><Info><Verb>POST</Verb><URL>localhost/takeoff/SelectActivity.aspx</URL><ServerIP>192.168.0.24 THE_MACHINE</ServerIP><ClientIP>::1 ::1</ClientIP><ReffererURL>localhost/takeoff/SelectActivity.aspx</ReffererURL></Info><Browser><Name>Chrome</Name><Version>50.0</Version><CookieSupport>True</CookieSupport><JSSupport>True</JSSupport><Platform>WinNT</Platform></Browser><ElementsInSession>2</ElementsInSession><ElementsInCookies>1</ElementsInCookies><ElementsInCache>0</ElementsInCache></Activity><Activity><DateTime>02-06-2016 10:32:42 PM</DateTime><SessionID>jylhmz51xursd3iemkluay0t</SessionID><UID></UID><Summary>Some info was loged on 02 June 2016 10:32:42 PM</Summary><Message>New Session Started : 16393 jylhmz51xursd3iemkluay0t</Message><User type="Guest">ARS000</User><Info><Verb>GET</Verb><URL>localhost/takeoff/SelectActivity.aspx</URL><ServerIP>192.168.0.24 THE_MACHINE</ServerIP><ClientIP>::1 ::1</ClientIP></Info><Browser><Name>Chrome</Name><Version>50.0</Version><CookieSupport>True</CookieSupport><JSSupport>True</JSSupport><Platform>WinNT</Platform></Browser><ElementsInSession>2</ElementsInSession><ElementsInCookies>1</ElementsInCookies><ElementsInCache>0</ElementsInCache></Activity><Activity><DateTime>02-06-2016 10:32:42 PM</DateTime><SessionID>jylhmz51xursd3iemkluay0t</SessionID><UID></UID><Summary>Some info was loged on 02 June 2016 10:32:42 PM</Summary><Message>Get successfull for username : Guest</Message><User type="Guest">ARS000</User><Info><Verb>GET</Verb><URL>localhost/takeoff/SelectActivity.aspx</URL><ServerIP>192.168.0.24 THE_MACHINE</ServerIP><ClientIP>::1 ::1</ClientIP></Info><Browser><Name>Chrome</Name><Version>50.0</Version><CookieSupport>True</CookieSupport><JSSupport>True</JSSupport><Platform>WinNT</Platform></Browser><ElementsInSession>2</ElementsInSession><ElementsInCookies>1</ElementsInCookies><ElementsInCache>0</ElementsInCache></Activity><Activity><DateTime>02-06-2016 10:32:58 PM</DateTime><SessionID>jylhmz51xursd3iemkluay0t</SessionID><UID></UID><Summary>Some info was loged on 02 June 2016 10:32:58 PM</Summary><Message>New Session Started : 16393 jylhmz51xursd3iemkluay0t</Message><User type="Guest">ARS000</User><Info><Verb>POST</Verb><URL>localhost/takeoff/SelectActivity.aspx</URL><ServerIP>192.168.0.24 THE_MACHINE</ServerIP><ClientIP>::1 ::1</ClientIP><ReffererURL>localhost/takeoff/SelectActivity.aspx</ReffererURL></Info><Browser><Name>Chrome</Name><Version>50.0</Version><CookieSupport>True</CookieSupport><JSSupport>True</JSSupport><Platform>WinNT</Platform></Browser><ElementsInSession>2</ElementsInSession><ElementsInCookies>1</ElementsInCookies><ElementsInCache>0</ElementsInCache></Activity><Activity><DateTime>02-06-2016 10:32:58 PM</DateTime><SessionID>jylhmz51xursd3iemkluay0t</SessionID><UID></UID><Summary>Some info was loged on 02 June 2016 10:32:58 PM</Summary><Message>Get successfull for username : Guest</Message><User type="Guest">ARS000</User><Info><Verb>POST</Verb><URL>localhost/takeoff/SelectActivity.aspx</URL><ServerIP>192.168.0.24 THE_MACHINE</ServerIP><ClientIP>::1 ::1</ClientIP><ReffererURL>localhost/takeoff/SelectActivity.aspx</ReffererURL></Info><Browser><Name>Chrome</Name><Version>50.0</Version><CookieSupport>True</CookieSupport><JSSupport>True</JSSupport><Platform>WinNT</Platform></Browser><ElementsInSession>2</ElementsInSession><ElementsInCookies>1</ElementsInCookies><ElementsInCache>0</ElementsInCache></Activity><Activity><DateTime>02-06-2016 10:32:59 PM</DateTime><SessionID>jylhmz51xursd3iemkluay0t</SessionID><UID></UID><Summary>Some info was loged on 02 June 2016 10:32:59 PM</Summary><Message>Get successfull for username : Guest</Message><User type="Guest">ARS000</User><Info><Verb>GET</Verb><URL>localhost/takeoff/XmlTransform.aspx?type=App&amp;fid=06022016_22.xml</URL><ServerIP>192.168.0.24 THE_MACHINE</ServerIP><ClientIP>::1 ::1</ClientIP><ReffererURL>localhost/takeoff/SelectActivity.aspx</ReffererURL></Info><Browser><Name>Chrome</Name><Version>50.0</Version><CookieSupport>True</CookieSupport><JSSupport>True</JSSupport><Platform>WinNT</Platform></Browser><ElementsInSession>2</ElementsInSession><ElementsInCookies>1</ElementsInCookies><ElementsInCache>0</ElementsInCache></Activity><Activity><DateTime>02-06-2016 10:34:41 PM</DateTime><SessionID>jylhmz51xursd3iemkluay0t</SessionID><UID></UID><Summary>Some info was loged on 02 June 2016 10:34:41 PM</Summary><Message>New Session Started : 16393 jylhmz51xursd3iemkluay0t</Message><User type="Guest">ARS000</User><Info><Verb>GET</Verb><URL>localhost/takeoff/SelectActivity.aspx</URL><ServerIP>192.168.0.24 THE_MACHINE</ServerIP><ClientIP>::1 ::1</ClientIP></Info><Browser><Name>Chrome</Name><Version>50.0</Version><CookieSupport>True</CookieSupport><JSSupport>True</JSSupport><Platform>WinNT</Platform></Browser><ElementsInSession>2</ElementsInSession><ElementsInCookies>1</ElementsInCookies><ElementsInCache>0</ElementsInCache></Activity><Activity><DateTime>02-06-2016 10:34:41 PM</DateTime><SessionID>jylhmz51xursd3iemkluay0t</SessionID><UID></UID><Summary>Some info was loged on 02 June 2016 10:34:41 PM</Summary><Message>Get successfull for username : Guest</Message><User type="Guest">ARS000</User><Info><Verb>GET</Verb><URL>localhost/takeoff/SelectActivity.aspx</URL><ServerIP>192.168.0.24 THE_MACHINE</ServerIP><ClientIP>::1 ::1</ClientIP></Info><Browser><Name>Chrome</Name><Version>50.0</Version><CookieSupport>True</CookieSupport><JSSupport>True</JSSupport><Platform>WinNT</Platform></Browser><ElementsInSession>2</ElementsInSession><ElementsInCookies>1</ElementsInCookies><ElementsInCache>0</ElementsInCache></Activity><Activity><DateTime>02-06-2016 10:34:51 PM</DateTime><SessionID>jylhmz51xursd3iemkluay0t</SessionID><UID></UID><Summary>Some info was loged on 02 June 2016 10:34:51 PM</Summary><Message>Get successfull for username : Guest</Message><User type="Guest">ARS000</User><Info><Verb>POST</Verb><URL>localhost/takeoff/SelectActivity.aspx</URL><ServerIP>192.168.0.24 THE_MACHINE</ServerIP><ClientIP>::1 ::1</ClientIP><ReffererURL>localhost/takeoff/SelectActivity.aspx</ReffererURL></Info><Browser><Name>Chrome</Name><Version>50.0</Version><CookieSupport>True</CookieSupport><JSSupport>True</JSSupport><Platform>WinNT</Platform></Browser><ElementsInSession>2</ElementsInSession><ElementsInCookies>1</ElementsInCookies><ElementsInCache>0</ElementsInCache></Activity><Activity><DateTime>02-06-2016 10:34:52 PM</DateTime><SessionID>jylhmz51xursd3iemkluay0t</SessionID><UID></UID><Summary>Some info was loged on 02 June 2016 10:34:52 PM</Summary><Message>Get successfull for username : Guest</Message><User type="Guest">ARS000</User><Info><Verb>GET</Verb><URL>localhost/takeoff/Activity.aspx?fid=06022016_22.txt</URL><ServerIP>192.168.0.24 THE_MACHINE</ServerIP><ClientIP>::1 ::1</ClientIP><ReffererURL>localhost/takeoff/SelectActivity.aspx</ReffererURL></Info><Browser><Name>Chrome</Name><Version>50.0</Version><CookieSupport>True</CookieSupport><JSSupport>True</JSSupport><Platform>WinNT</Platform></Browser><ElementsInSession>2</ElementsInSession><ElementsInCookies>1</ElementsInCookies><ElementsInCache>0</ElementsInCache></Activity><Activity><DateTime>02-06-2016 10:43:37 PM</DateTime><SessionID>jylhmz51xursd3iemkluay0t</SessionID><UID></UID><Summary>Some info was loged on 02 June 2016 10:43:37 PM</Summary><Message>New Session Started : 16393 jylhmz51xursd3iemkluay0t</Message><User type="Guest">ARS000</User><Info><Verb>GET</Verb><URL>localhost/takeoff/SelectActivity.aspx</URL><ServerIP>192.168.0.24 THE_MACHINE</ServerIP><ClientIP>::1 ::1</ClientIP></Info><Browser><Name>Chrome</Name><Version>50.0</Version><CookieSupport>True</CookieSupport><JSSupport>True</JSSupport><Platform>WinNT</Platform></Browser><ElementsInSession>2</ElementsInSession><ElementsInCookies>1</ElementsInCookies><ElementsInCache>0</ElementsInCache></Activity><Activity><DateTime>02-06-2016 10:43:37 PM</DateTime><SessionID>jylhmz51xursd3iemkluay0t</SessionID><UID></UID><Summary>Some info was loged on 02 June 2016 10:43:37 PM</Summary><Message>Get successfull for username : Guest</Message><User type="Guest">ARS000</User><Info><Verb>GET</Verb><URL>localhost/takeoff/SelectActivity.aspx</URL><ServerIP>192.168.0.24 THE_MACHINE</ServerIP><ClientIP>::1 ::1</ClientIP></Info><Browser><Name>Chrome</Name><Version>50.0</Version><CookieSupport>True</CookieSupport><JSSupport>True</JSSupport><Platform>WinNT</Platform></Browser><ElementsInSession>2</ElementsInSession><ElementsInCookies>1</ElementsInCookies><ElementsInCache>0</ElementsInCache></Activity><Activity><DateTime>02-06-2016 10:43:42 PM</DateTime><SessionID>jylhmz51xursd3iemkluay0t</SessionID><UID></UID><Summary>Some info was loged on 02 June 2016 10:43:42 PM</Summary><Message>Get successfull for username : Guest</Message><User type="Guest">ARS000</User><Info><Verb>POST</Verb><URL>localhost/takeoff/SelectActivity.aspx</URL><ServerIP>192.168.0.24 THE_MACHINE</ServerIP><ClientIP>::1 ::1</ClientIP><ReffererURL>localhost/takeoff/SelectActivity.aspx</ReffererURL></Info><Browser><Name>Chrome</Name><Version>50.0</Version><CookieSupport>True</CookieSupport><JSSupport>True</JSSupport><Platform>WinNT</Platform></Browser><ElementsInSession>2</ElementsInSession><ElementsInCookies>1</ElementsInCookies><ElementsInCache>0</ElementsInCache></Activity><Activity><DateTime>02-06-2016 10:43:42 PM</DateTime><SessionID>jylhmz51xursd3iemkluay0t</SessionID><UID></UID><Summary>Some info was loged on 02 June 2016 10:43:42 PM</Summary><Message>Get successfull for username : Guest</Message><User type="Guest">ARS000</User><Info><Verb>GET</Verb><URL>localhost/takeoff/Activity.aspx?fid=06022016_22.txt</URL><ServerIP>192.168.0.24 THE_MACHINE</ServerIP><ClientIP>::1 ::1</ClientIP><ReffererURL>localhost/takeoff/SelectActivity.aspx</ReffererURL></Info><Browser><Name>Chrome</Name><Version>50.0</Version><CookieSupport>True</CookieSupport><JSSupport>True</JSSupport><Platform>WinNT</Platform></Browser><ElementsInSession>2</ElementsInSession><ElementsInCookies>1</ElementsInCookies><ElementsInCache>0</ElementsInCache></Activity><Activity><DateTime>02-06-2016 10:45:17 PM</DateTime><SessionID>jylhmz51xursd3iemkluay0t</SessionID><UID></UID><Summary>Some info was loged on 02 June 2016 10:45:17 PM</Summary><Message>New Session Started : 16393 jylhmz51xursd3iemkluay0t</Message><User type="Guest">ARS000</User><Info><Verb>GET</Verb><URL>localhost/takeoff/SelectActivity.aspx</URL><ServerIP>192.168.0.24 THE_MACHINE</ServerIP><ClientIP>::1 ::1</ClientIP></Info><Browser><Name>Chrome</Name><Version>50.0</Version><CookieSupport>True</CookieSupport><JSSupport>True</JSSupport><Platform>WinNT</Platform></Browser><ElementsInSession>2</ElementsInSession><ElementsInCookies>1</ElementsInCookies><ElementsInCache>0</ElementsInCache></Activity><Activity><DateTime>02-06-2016 10:45:17 PM</DateTime><SessionID>jylhmz51xursd3iemkluay0t</SessionID><UID></UID><Summary>Some info was loged on 02 June 2016 10:45:17 PM</Summary><Message>Get successfull for username : Guest</Message><User type="Guest">ARS000</User><Info><Verb>GET</Verb><URL>localhost/takeoff/SelectActivity.aspx</URL><ServerIP>192.168.0.24 THE_MACHINE</ServerIP><ClientIP>::1 ::1</ClientIP></Info><Browser><Name>Chrome</Name><Version>50.0</Version><CookieSupport>True</CookieSupport><JSSupport>True</JSSupport><Platform>WinNT</Platform></Browser><ElementsInSession>2</ElementsInSession><ElementsInCookies>1</ElementsInCookies><ElementsInCache>0</ElementsInCache></Activity><Activity><DateTime>02-06-2016 10:45:34 PM</DateTime><SessionID>jylhmz51xursd3iemkluay0t</SessionID><UID></UID><Summary>Some info was loged on 02 June 2016 10:45:34 PM</Summary><Message>New Session Started : 16393 jylhmz51xursd3iemkluay0t</Message><User type="Guest">ARS000</User><Info><Verb>POST</Verb><URL>localhost/takeoff/SelectActivity.aspx</URL><ServerIP>192.168.0.24 THE_MACHINE</ServerIP><ClientIP>::1 ::1</ClientIP><ReffererURL>localhost/takeoff/SelectActivity.aspx</ReffererURL></Info><Browser><Name>Chrome</Name><Version>50.0</Version><CookieSupport>True</CookieSupport><JSSupport>True</JSSupport><Platform>WinNT</Platform></Browser><ElementsInSession>2</ElementsInSession><ElementsInCookies>1</ElementsInCookies><ElementsInCache>0</ElementsInCache></Activity><Activity><DateTime>02-06-2016 10:45:35 PM</DateTime><SessionID>jylhmz51xursd3iemkluay0t</SessionID><UID></UID><Summary>Some info was loged on 02 June 2016 10:45:35 PM</Summary><Message>Get successfull for username : Guest</Message><User type="Guest">ARS000</User><Info><Verb>POST</Verb><URL>localhost/takeoff/SelectActivity.aspx</URL><ServerIP>192.168.0.24 THE_MACHINE</ServerIP><ClientIP>::1 ::1</ClientIP><ReffererURL>localhost/takeoff/SelectActivity.aspx</ReffererURL></Info><Browser><Name>Chrome</Name><Version>50.0</Version><CookieSupport>True</CookieSupport><JSSupport>True</JSSupport><Platform>WinNT</Platform></Browser><ElementsInSession>2</ElementsInSession><ElementsInCookies>1</ElementsInCookies><ElementsInCache>0</ElementsInCache></Activity><Activity><DateTime>02-06-2016 10:45:35 PM</DateTime><SessionID>jylhmz51xursd3iemkluay0t</SessionID><UID></UID><Summary>Some info was loged on 02 June 2016 10:45:35 PM</Summary><Message>Get successfull for username : Guest</Message><User type="Guest">ARS000</User><Info><Verb>POST</Verb><URL>localhost/takeoff/SelectActivity.aspx</URL><ServerIP>192.168.0.24 THE_MACHINE</ServerIP><ClientIP>::1 ::1</ClientIP><ReffererURL>localhost/takeoff/SelectActivity.aspx</ReffererURL></Info><Browser><Name>Chrome</Name><Version>50.0</Version><CookieSupport>True</CookieSupport><JSSupport>True</JSSupport><Platform>WinNT</Platform></Browser><ElementsInSession>2</ElementsInSession><ElementsInCookies>1</ElementsInCookies><ElementsInCache>0</ElementsInCache></Activity><Activity><DateTime>02-06-2016 10:45:35 PM</DateTime><SessionID>jylhmz51xursd3iemkluay0t</SessionID><UID></UID><Summary>Some info was loged on 02 June 2016 10:45:35 PM</Summary><Message>Get successfull for username : Guest</Message><User type="Guest">ARS000</User><Info><Verb>GET</Verb><URL>localhost/takeoff/XmlTransform.aspx?type=App&amp;fid=06022016_22.xml</URL><ServerIP>192.168.0.24 THE_MACHINE</ServerIP><ClientIP>::1 ::1</ClientIP><ReffererURL>localhost/takeoff/SelectActivity.aspx</ReffererURL></Info><Browser><Name>Chrome</Name><Version>50.0</Version><CookieSupport>True</CookieSupport><JSSupport>True</JSSupport><Platform>WinNT</Platform></Browser><ElementsInSession>2</ElementsInSession><ElementsInCookies>1</ElementsInCookies><ElementsInCache>0</ElementsInCache></Activity><Activity><DateTime>02-06-2016 10:45:57 PM</DateTime><SessionID>jylhmz51xursd3iemkluay0t</SessionID><UID></UID><Summary>Some info was loged on 02 June 2016 10:45:57 PM</Summary><Message>Get successfull for username : Guest</Message><User type="Guest">ARS000</User><Info><Verb>POST</Verb><URL>localhost/takeoff/SelectActivity.aspx</URL><ServerIP>192.168.0.24 THE_MACHINE</ServerIP><ClientIP>::1 ::1</ClientIP><ReffererURL>localhost/takeoff/SelectActivity.aspx</ReffererURL></Info><Browser><Name>Chrome</Name><Version>50.0</Version><CookieSupport>True</CookieSupport><JSSupport>True</JSSupport><Platform>WinNT</Platform></Browser><ElementsInSession>2</ElementsInSession><ElementsInCookies>1</ElementsInCookies><ElementsInCache>0</ElementsInCache></Activity><Activity><DateTime>02-06-2016 10:45:57 PM</DateTime><SessionID>jylhmz51xursd3iemkluay0t</SessionID><UID></UID><Summary>Some info was loged on 02 June 2016 10:45:57 PM</Summary><Message>Get successfull for username : Guest</Message><User type="Guest">ARS000</User><Info><Verb>POST</Verb><URL>localhost/takeoff/SelectActivity.aspx</URL><ServerIP>192.168.0.24 THE_MACHINE</ServerIP><ClientIP>::1 ::1</ClientIP><ReffererURL>localhost/takeoff/SelectActivity.aspx</ReffererURL></Info><Browser><Name>Chrome</Name><Version>50.0</Version><CookieSupport>True</CookieSupport><JSSupport>True</JSSupport><Platform>WinNT</Platform></Browser><ElementsInSession>2</ElementsInSession><ElementsInCookies>1</ElementsInCookies><ElementsInCache>0</ElementsInCache></Activity><Activity><DateTime>02-06-2016 10:45:58 PM</DateTime><SessionID>jylhmz51xursd3iemkluay0t</SessionID><UID></UID><Summary>Some info was loged on 02 June 2016 10:45:58 PM</Summary><Message>Get successfull for username : Guest</Message><User type="Guest">ARS000</User><Info><Verb>GET</Verb><URL>localhost/takeoff/XmlTransform.aspx?type=App&amp;fid=06022016_22.xml</URL><ServerIP>192.168.0.24 THE_MACHINE</ServerIP><ClientIP>::1 ::1</ClientIP><ReffererURL>localhost/takeoff/SelectActivity.aspx</ReffererURL></Info><Browser><Name>Chrome</Name><Version>50.0</Version><CookieSupport>True</CookieSupport><JSSupport>True</JSSupport><Platform>WinNT</Platform></Browser><ElementsInSession>2</ElementsInSession><ElementsInCookies>1</ElementsInCookies><ElementsInCache>0</ElementsInCache></Activity><Activity><DateTime>02-06-2016 10:48:49 PM</DateTime><SessionID>jylhmz51xursd3iemkluay0t</SessionID><UID></UID><Summary>Some info was loged on 02 June 2016 10:48:49 PM</Summary><Message>New Session Started : 16393 jylhmz51xursd3iemkluay0t</Message><User type="Guest">ARS000</User><Info><Verb>POST</Verb><URL>localhost/takeoff/SelectActivity.aspx</URL><ServerIP>192.168.0.24 THE_MACHINE</ServerIP><ClientIP>::1 ::1</ClientIP><ReffererURL>localhost/takeoff/SelectActivity.aspx</ReffererURL></Info><Browser><Name>Chrome</Name><Version>50.0</Version><CookieSupport>True</CookieSupport><JSSupport>True</JSSupport><Platform>WinNT</Platform></Browser><ElementsInSession>2</ElementsInSession><ElementsInCookies>1</ElementsInCookies><ElementsInCache>0</ElementsInCache></Activity><Activity><DateTime>02-06-2016 10:48:49 PM</DateTime><SessionID>jylhmz51xursd3iemkluay0t</SessionID><UID></UID><Summary>Some info was loged on 02 June 2016 10:48:49 PM</Summary><Message>Get successfull for username : Guest</Message><User type="Guest">ARS000</User><Info><Verb>POST</Verb><URL>localhost/takeoff/SelectActivity.aspx</URL><ServerIP>192.168.0.24 THE_MACHINE</ServerIP><ClientIP>::1 ::1</ClientIP><ReffererURL>localhost/takeoff/SelectActivity.aspx</ReffererURL></Info><Browser><Name>Chrome</Name><Version>50.0</Version><CookieSupport>True</CookieSupport><JSSupport>True</JSSupport><Platform>WinNT</Platform></Browser><ElementsInSession>2</ElementsInSession><ElementsInCookies>1</ElementsInCookies><ElementsInCache>0</ElementsInCache></Activity><Activity><DateTime>02-06-2016 10:48:50 PM</DateTime><SessionID>jylhmz51xursd3iemkluay0t</SessionID><UID></UID><Summary>Some info was loged on 02 June 2016 10:48:50 PM</Summary><Message>Get successfull for username : Guest</Message><User type="Guest">ARS000</User><Info><Verb>POST</Verb><URL>localhost/takeoff/SelectActivity.aspx</URL><ServerIP>192.168.0.24 THE_MACHINE</ServerIP><ClientIP>::1 ::1</ClientIP><ReffererURL>localhost/takeoff/SelectActivity.aspx</ReffererURL></Info><Browser><Name>Chrome</Name><Version>50.0</Version><CookieSupport>True</CookieSupport><JSSupport>True</JSSupport><Platform>WinNT</Platform></Browser><ElementsInSession>2</ElementsInSession><ElementsInCookies>1</ElementsInCookies><ElementsInCache>0</ElementsInCache></Activity><Activity><DateTime>02-06-2016 10:48:50 PM</DateTime><SessionID>jylhmz51xursd3iemkluay0t</SessionID><UID></UID><Summary>Some info was loged on 02 June 2016 10:48:50 PM</Summary><Message>Get successfull for username : Guest</Message><User type="Guest">ARS000</User><Info><Verb>GET</Verb><URL>localhost/takeoff/XmlTransform.aspx?type=App&amp;fid=06022016_22.xml</URL><ServerIP>192.168.0.24 THE_MACHINE</ServerIP><ClientIP>::1 ::1</ClientIP><ReffererURL>localhost/takeoff/SelectActivity.aspx</ReffererURL></Info><Browser><Name>Chrome</Name><Version>50.0</Version><CookieSupport>True</CookieSupport><JSSupport>True</JSSupport><Platform>WinNT</Platform></Browser><ElementsInSession>2</ElementsInSession><ElementsInCookies>1</ElementsInCookies><ElementsInCache>0</ElementsInCache></Activity><Activity><DateTime>02-06-2016 10:49:17 PM</DateTime><SessionID>jylhmz51xursd3iemkluay0t</SessionID><UID></UID><Summary>Some info was loged on 02 June 2016 10:49:17 PM</Summary><Message>Get successfull for username : Guest</Message><User type="Guest">ARS000</User><Info><Verb>GET</Verb><URL>localhost/takeoff/selectactivity.aspx</URL><ServerIP>192.168.0.24 THE_MACHINE</ServerIP><ClientIP>::1 ::1</ClientIP></Info><Browser><Name>Chrome</Name><Version>50.0</Version><CookieSupport>True</CookieSupport><JSSupport>True</JSSupport><Platform>WinNT</Platform></Browser><ElementsInSession>2</ElementsInSession><ElementsInCookies>1</ElementsInCookies><ElementsInCache>0</ElementsInCache></Activity><Activity><DateTime>02-06-2016 10:49:20 PM</DateTime><SessionID>jylhmz51xursd3iemkluay0t</SessionID><UID></UID><Summary>Some info was loged on 02 June 2016 10:49:20 PM</Summary><Message>Get successfull for username : Guest</Message><User type="Guest">ARS000</User><Info><Verb>POST</Verb><URL>localhost/takeoff/selectactivity.aspx</URL><ServerIP>192.168.0.24 THE_MACHINE</ServerIP><ClientIP>::1 ::1</ClientIP><ReffererURL>localhost/takeoff/selectactivity.aspx</ReffererURL></Info><Browser><Name>Chrome</Name><Version>50.0</Version><CookieSupport>True</CookieSupport><JSSupport>True</JSSupport><Platform>WinNT</Platform></Browser><ElementsInSession>2</ElementsInSession><ElementsInCookies>1</ElementsInCookies><ElementsInCache>0</ElementsInCache></Activity><Activity><DateTime>02-06-2016 10:49:20 PM</DateTime><SessionID>jylhmz51xursd3iemkluay0t</SessionID><UID></UID><Summary>Some info was loged on 02 June 2016 10:49:20 PM</Summary><Message>Get successfull for username : Guest</Message><User type="Guest">ARS000</User><Info><Verb>POST</Verb><URL>localhost/takeoff/selectactivity.aspx</URL><ServerIP>192.168.0.24 THE_MACHINE</ServerIP><ClientIP>::1 ::1</ClientIP><ReffererURL>localhost/takeoff/selectactivity.aspx</ReffererURL></Info><Browser><Name>Chrome</Name><Version>50.0</Version><CookieSupport>True</CookieSupport><JSSupport>True</JSSupport><Platform>WinNT</Platform></Browser><ElementsInSession>2</ElementsInSession><ElementsInCookies>1</ElementsInCookies><ElementsInCache>0</ElementsInCache></Activity><Activity><DateTime>02-06-2016 10:49:20 PM</DateTime><SessionID>jylhmz51xursd3iemkluay0t</SessionID><UID></UID><Summary>Some info was loged on 02 June 2016 10:49:20 PM</Summary><Message>Get successfull for username : Guest</Message><User type="Guest">ARS000</User><Info><Verb>GET</Verb><URL>localhost/takeoff/XmlTransform.aspx?type=App&amp;fid=06022016_22.xml</URL><ServerIP>192.168.0.24 THE_MACHINE</ServerIP><ClientIP>::1 ::1</ClientIP><ReffererURL>localhost/takeoff/selectactivity.aspx</ReffererURL></Info><Browser><Name>Chrome</Name><Version>50.0</Version><CookieSupport>True</CookieSupport><JSSupport>True</JSSupport><Platform>WinNT</Platform></Browser><ElementsInSession>2</ElementsInSession><ElementsInCookies>1</ElementsInCookies><ElementsInCache>0</ElementsInCache></Activity><Activity><DateTime>02-06-2016 10:50:40 PM</DateTime><SessionID>jylhmz51xursd3iemkluay0t</SessionID><UID></UID><Summary>Some info was loged on 02 June 2016 10:50:40 PM</Summary><Message>New Session Started : 16393 jylhmz51xursd3iemkluay0t</Message><User type="Guest">ARS000</User><Info><Verb>GET</Verb><URL>localhost/takeoff/selectactivity.aspx</URL><ServerIP>192.168.0.24 THE_MACHINE</ServerIP><ClientIP>::1 ::1</ClientIP></Info><Browser><Name>Chrome</Name><Version>50.0</Version><CookieSupport>True</CookieSupport><JSSupport>True</JSSupport><Platform>WinNT</Platform></Browser><ElementsInSession>2</ElementsInSession><ElementsInCookies>1</ElementsInCookies><ElementsInCache>0</ElementsInCache></Activity><Activity><DateTime>02-06-2016 10:50:40 PM</DateTime><SessionID>jylhmz51xursd3iemkluay0t</SessionID><UID></UID><Summary>Some info was loged on 02 June 2016 10:50:40 PM</Summary><Message>Get successfull for username : Guest</Message><User type="Guest">ARS000</User><Info><Verb>GET</Verb><URL>localhost/takeoff/selectactivity.aspx</URL><ServerIP>192.168.0.24 THE_MACHINE</ServerIP><ClientIP>::1 ::1</ClientIP></Info><Browser><Name>Chrome</Name><Version>50.0</Version><CookieSupport>True</CookieSupport><JSSupport>True</JSSupport><Platform>WinNT</Platform></Browser><ElementsInSession>2</ElementsInSession><ElementsInCookies>1</ElementsInCookies><ElementsInCache>0</ElementsInCache></Activity><Activity><DateTime>02-06-2016 10:50:49 PM</DateTime><SessionID>jylhmz51xursd3iemkluay0t</SessionID><UID></UID><Summary>Some info was loged on 02 June 2016 10:50:49 PM</Summary><Message>Get successfull for username : Guest</Message><User type="Guest">ARS000</User><Info><Verb>POST</Verb><URL>localhost/takeoff/selectactivity.aspx</URL><ServerIP>192.168.0.24 THE_MACHINE</ServerIP><ClientIP>::1 ::1</ClientIP><ReffererURL>localhost/takeoff/selectactivity.aspx</ReffererURL></Info><Browser><Name>Chrome</Name><Version>50.0</Version><CookieSupport>True</CookieSupport><JSSupport>True</JSSupport><Platform>WinNT</Platform></Browser><ElementsInSession>2</ElementsInSession><ElementsInCookies>1</ElementsInCookies><ElementsInCache>0</ElementsInCache></Activity><Activity><DateTime>02-06-2016 10:50:49 PM</DateTime><SessionID>jylhmz51xursd3iemkluay0t</SessionID><UID></UID><Summary>Some info was loged on 02 June 2016 10:50:49 PM</Summary><Message>Get successfull for username : Guest</Message><User type="Guest">ARS000</User><Info><Verb>POST</Verb><URL>localhost/takeoff/selectactivity.aspx</URL><ServerIP>192.168.0.24 THE_MACHINE</ServerIP><ClientIP>::1 ::1</ClientIP><ReffererURL>localhost/takeoff/selectactivity.aspx</ReffererURL></Info><Browser><Name>Chrome</Name><Version>50.0</Version><CookieSupport>True</CookieSupport><JSSupport>True</JSSupport><Platform>WinNT</Platform></Browser><ElementsInSession>2</ElementsInSession><ElementsInCookies>1</ElementsInCookies><ElementsInCache>0</ElementsInCache></Activity></Activities>