<?xml version="1.0" encoding="UTF-8"?><?xml-stylesheet type='text/xsl' href='_UpgradeReport_Files/UpgradeReport.xslt'?><UpgradeLog>
<Properties><Property Name="Solution" Value="IdenticonHandler">
</Property><Property Name="Solution File" Value="D:\Git\VS10\Git\ATRS(1)\ATRS\identicon-94877\IdenticonHandler\IdenticonHandler.sln">
</Property><Property Name="Date" Value="16 May 2016">
</Property><Property Name="Time" Value="20:14 PM">
</Property></Properties><Event ErrorLevel="0" Project="" Source="IdenticonHandler.sln" Description="File successfully backed up as D:\Git\VS10\Git\ATRS(1)\ATRS\identicon-94877\IdenticonHandler\Backup\IdenticonHandler.sln">
</Event><Event ErrorLevel="0" Project="Identicon" Source="IdenticonHandler\Identicon.csproj" Description="Project file successfully backed up as D:\Git\VS10\Git\ATRS(1)\ATRS\identicon-94877\IdenticonHandler\Backup\IdenticonHandler\Identicon.csproj">
</Event><Event ErrorLevel="0" Project="Identicon" Source="IdenticonHandler\IdenticonHandler.ashx.cs" Description="File successfully backed up as D:\Git\VS10\Git\ATRS(1)\ATRS\identicon-94877\IdenticonHandler\Backup\IdenticonHandler\IdenticonHandler.ashx.cs">
</Event><Event ErrorLevel="0" Project="Identicon" Source="IdenticonHandler\IdenticonRenderer.cs" Description="File successfully backed up as D:\Git\VS10\Git\ATRS(1)\ATRS\identicon-94877\IdenticonHandler\Backup\IdenticonHandler\IdenticonRenderer.cs">
</Event><Event ErrorLevel="0" Project="Identicon" Source="IdenticonHandler\IdenticonUtil.cs" Description="File successfully backed up as D:\Git\VS10\Git\ATRS(1)\ATRS\identicon-94877\IdenticonHandler\Backup\IdenticonHandler\IdenticonUtil.cs">
</Event><Event ErrorLevel="0" Project="Identicon" Source="IdenticonHandler\Properties\AssemblyInfo.cs" Description="File successfully backed up as D:\Git\VS10\Git\ATRS(1)\ATRS\identicon-94877\IdenticonHandler\Backup\IdenticonHandler\Properties\AssemblyInfo.cs">
</Event><Event ErrorLevel="0" Project="Identicon" Source="IdenticonHandler\IdenticonHandler.ashx" Description="File successfully backed up as D:\Git\VS10\Git\ATRS(1)\ATRS\identicon-94877\IdenticonHandler\Backup\IdenticonHandler\IdenticonHandler.ashx">
</Event><Event ErrorLevel="1" Project="Identicon" Source="IdenticonHandler\Identicon.csproj" Description="Your project is targeting .NET Framework 2.0 or 3.0. If your project uses assemblies requiring a newer .NET Framework, your project will fail to build. You can change the .NET Framework version by clicking Properties on the project menu and then selecting a new version in the '.NET Framework' dropdown box. (In Visual Basic, this is located on the Compile tab by clicking the 'Advanced Compiler Options...' button.)">
</Event><Event ErrorLevel="0" Project="Identicon" Source="IdenticonHandler\Identicon.csproj" Description="Project converted successfully">
</Event><Event ErrorLevel="3" Project="Identicon" Source="IdenticonHandler\Identicon.csproj" Description="Converted">
</Event><Event ErrorLevel="0" Project="Identicon.WebDemo" Source="Identicon.WebDemo\Identicon.WebDemo.csproj" Description="Project file successfully backed up as D:\Git\VS10\Git\ATRS(1)\ATRS\identicon-94877\IdenticonHandler\Backup\Identicon.WebDemo\Identicon.WebDemo.csproj">
</Event><Event ErrorLevel="0" Project="Identicon.WebDemo" Source="Identicon.WebDemo\Default.aspx.cs" Description="File successfully backed up as D:\Git\VS10\Git\ATRS(1)\ATRS\identicon-94877\IdenticonHandler\Backup\Identicon.WebDemo\Default.aspx.cs">
</Event><Event ErrorLevel="0" Project="Identicon.WebDemo" Source="Identicon.WebDemo\Default.aspx.designer.cs" Description="File successfully backed up as D:\Git\VS10\Git\ATRS(1)\ATRS\identicon-94877\IdenticonHandler\Backup\Identicon.WebDemo\Default.aspx.designer.cs">
</Event><Event ErrorLevel="0" Project="Identicon.WebDemo" Source="Identicon.WebDemo\Demo.aspx.cs" Description="File successfully backed up as D:\Git\VS10\Git\ATRS(1)\ATRS\identicon-94877\IdenticonHandler\Backup\Identicon.WebDemo\Demo.aspx.cs">
</Event><Event ErrorLevel="0" Project="Identicon.WebDemo" Source="Identicon.WebDemo\Demo.aspx.designer.cs" Description="File successfully backed up as D:\Git\VS10\Git\ATRS(1)\ATRS\identicon-94877\IdenticonHandler\Backup\Identicon.WebDemo\Demo.aspx.designer.cs">
</Event><Event ErrorLevel="0" Project="Identicon.WebDemo" Source="Identicon.WebDemo\IdenticonHandlerDemo.ashx.cs" Description="File successfully backed up as D:\Git\VS10\Git\ATRS(1)\ATRS\identicon-94877\IdenticonHandler\Backup\Identicon.WebDemo\IdenticonHandlerDemo.ashx.cs">
</Event><Event ErrorLevel="0" Project="Identicon.WebDemo" Source="Identicon.WebDemo\Properties\AssemblyInfo.cs" Description="File successfully backed up as D:\Git\VS10\Git\ATRS(1)\ATRS\identicon-94877\IdenticonHandler\Backup\Identicon.WebDemo\Properties\AssemblyInfo.cs">
</Event><Event ErrorLevel="0" Project="Identicon.WebDemo" Source="Identicon.WebDemo\Default.aspx" Description="File successfully backed up as D:\Git\VS10\Git\ATRS(1)\ATRS\identicon-94877\IdenticonHandler\Backup\Identicon.WebDemo\Default.aspx">
</Event><Event ErrorLevel="0" Project="Identicon.WebDemo" Source="Identicon.WebDemo\Web.config" Description="File successfully backed up as D:\Git\VS10\Git\ATRS(1)\ATRS\identicon-94877\IdenticonHandler\Backup\Identicon.WebDemo\Web.config">
</Event><Event ErrorLevel="0" Project="Identicon.WebDemo" Source="Identicon.WebDemo\identicon-tests.htm" Description="File successfully backed up as D:\Git\VS10\Git\ATRS(1)\ATRS\identicon-94877\IdenticonHandler\Backup\Identicon.WebDemo\identicon-tests.htm">
</Event><Event ErrorLevel="0" Project="Identicon.WebDemo" Source="Identicon.WebDemo\IdenticonHandler.ashx" Description="File successfully backed up as D:\Git\VS10\Git\ATRS(1)\ATRS\identicon-94877\IdenticonHandler\Backup\Identicon.WebDemo\IdenticonHandler.ashx">
</Event><Event ErrorLevel="0" Project="Identicon.WebDemo" Source="Identicon.WebDemo\Demo.aspx" Description="File successfully backed up as D:\Git\VS10\Git\ATRS(1)\ATRS\identicon-94877\IdenticonHandler\Backup\Identicon.WebDemo\Demo.aspx">
</Event><Event ErrorLevel="0" Project="Identicon.WebDemo" Source="Identicon.WebDemo\identicon-demo-results.png" Description="File successfully backed up as D:\Git\VS10\Git\ATRS(1)\ATRS\identicon-94877\IdenticonHandler\Backup\Identicon.WebDemo\identicon-demo-results.png">
</Event><Event ErrorLevel="0" Project="Identicon.WebDemo" Source="Identicon.WebDemo\IdenticonHandlerDemo.ashx" Description="File successfully backed up as D:\Git\VS10\Git\ATRS(1)\ATRS\identicon-94877\IdenticonHandler\Backup\Identicon.WebDemo\IdenticonHandlerDemo.ashx">
</Event><Event ErrorLevel="1" Project="Identicon.WebDemo" Source="Identicon.WebDemo\Identicon.WebDemo.csproj" Description="Your project is targeting .NET Framework 2.0 or 3.0. If your project uses assemblies requiring a newer .NET Framework, your project will fail to build. You can change the .NET Framework version by clicking Properties on the project menu and then selecting a new version in the '.NET Framework' dropdown box. (In Visual Basic, this is located on the Compile tab by clicking the 'Advanced Compiler Options...' button.)">
</Event><Event ErrorLevel="0" Project="Identicon.WebDemo" Source="Identicon.WebDemo\Identicon.WebDemo.csproj" Description="Project converted successfully">
</Event><Event ErrorLevel="3" Project="Identicon.WebDemo" Source="Identicon.WebDemo\Identicon.WebDemo.csproj" Description="Converted">
</Event><Event ErrorLevel="0" Project="UnitTests.Identicon" Source="UnitTests.Identicon\UnitTests.Identicon.csproj" Description="Project file successfully backed up as D:\Git\VS10\Git\ATRS(1)\ATRS\identicon-94877\IdenticonHandler\Backup\UnitTests.Identicon\UnitTests.Identicon.csproj">
</Event><Event ErrorLevel="0" Project="UnitTests.Identicon" Source="UnitTests.Identicon\IdenticonUtilTests.cs" Description="File successfully backed up as D:\Git\VS10\Git\ATRS(1)\ATRS\identicon-94877\IdenticonHandler\Backup\UnitTests.Identicon\IdenticonUtilTests.cs">
</Event><Event ErrorLevel="0" Project="UnitTests.Identicon" Source="UnitTests.Identicon\Properties\AssemblyInfo.cs" Description="File successfully backed up as D:\Git\VS10\Git\ATRS(1)\ATRS\identicon-94877\IdenticonHandler\Backup\UnitTests.Identicon\Properties\AssemblyInfo.cs">
</Event><Event ErrorLevel="0" Project="UnitTests.Identicon" Source="UnitTests.Identicon\Dependencies\MbUnit.Framework.dll" Description="File successfully backed up as D:\Git\VS10\Git\ATRS(1)\ATRS\identicon-94877\IdenticonHandler\Backup\UnitTests.Identicon\Dependencies\MbUnit.Framework.dll">
</Event><Event ErrorLevel="1" Project="UnitTests.Identicon" Source="UnitTests.Identicon\UnitTests.Identicon.csproj" Description="Your project is targeting .NET Framework 2.0 or 3.0. If your project uses assemblies requiring a newer .NET Framework, your project will fail to build. You can change the .NET Framework version by clicking Properties on the project menu and then selecting a new version in the '.NET Framework' dropdown box. (In Visual Basic, this is located on the Compile tab by clicking the 'Advanced Compiler Options...' button.)">
</Event><Event ErrorLevel="0" Project="UnitTests.Identicon" Source="UnitTests.Identicon\UnitTests.Identicon.csproj" Description="Project converted successfully">
</Event><Event ErrorLevel="3" Project="UnitTests.Identicon" Source="UnitTests.Identicon\UnitTests.Identicon.csproj" Description="Converted">
</Event><Event ErrorLevel="0" Project="" Source="IdenticonHandler.sln" Description="Solution converted successfully">
</Event><Event ErrorLevel="3" Project="" Source="IdenticonHandler.sln" Description="Converted">
</Event><Event ErrorLevel="0" Project="Identicon" Source="IdenticonHandler\Identicon.csproj" Description="Scan complete: Upgrade not required for project files.">
</Event><Event ErrorLevel="0" Project="Identicon.WebDemo" Source="Identicon.WebDemo\Identicon.WebDemo.csproj" Description="Scan complete: Upgrade not required for project files.">
</Event><Event ErrorLevel="0" Project="UnitTests.Identicon" Source="UnitTests.Identicon\UnitTests.Identicon.csproj" Description="Scan complete: Upgrade not required for project files.">
</Event></UpgradeLog>