﻿<?xml version="1.0" encoding="UTF-8" standalone="yes"?><Activities><Activity><DateTime>02-06-2016 11:01:00 PM</DateTime><SessionID>jylhmz51xursd3iemkluay0t</SessionID><UID></UID><Summary>Some info was loged on 02 June 2016 11:01:00 PM</Summary><Message>New Session Started : 16393 jylhmz51xursd3iemkluay0t</Message><User type="Guest">ARS000</User><Info><Verb>POST</Verb><URL>localhost/takeoff/selectactivity.aspx</URL><ServerIP>192.168.0.24 THE_MACHINE</ServerIP><ClientIP>::1 ::1</ClientIP><ReffererURL>localhost/takeoff/selectactivity.aspx</ReffererURL></Info><Browser><Name>Chrome</Name><Version>50.0</Version><CookieSupport>True</CookieSupport><JSSupport>True</JSSupport><Platform>WinNT</Platform></Browser><ElementsInSession>2</ElementsInSession><ElementsInCookies>1</ElementsInCookies><ElementsInCache>0</ElementsInCache></Activity><Activity><DateTime>02-06-2016 11:01:00 PM</DateTime><SessionID>jylhmz51xursd3iemkluay0t</SessionID><UID></UID><Summary>Some info was loged on 02 June 2016 11:01:00 PM</Summary><Message>Get successfull for username : Guest</Message><User type="Guest">ARS000</User><Info><Verb>POST</Verb><URL>localhost/takeoff/selectactivity.aspx</URL><ServerIP>192.168.0.24 THE_MACHINE</ServerIP><ClientIP>::1 ::1</ClientIP><ReffererURL>localhost/takeoff/selectactivity.aspx</ReffererURL></Info><Browser><Name>Chrome</Name><Version>50.0</Version><CookieSupport>True</CookieSupport><JSSupport>True</JSSupport><Platform>WinNT</Platform></Browser><ElementsInSession>2</ElementsInSession><ElementsInCookies>1</ElementsInCookies><ElementsInCache>0</ElementsInCache></Activity><Activity><DateTime>02-06-2016 11:01:00 PM</DateTime><SessionID>jylhmz51xursd3iemkluay0t</SessionID><UID></UID><Summary>Some info was loged on 02 June 2016 11:01:00 PM</Summary><Message>Get successfull for username : Guest</Message><User type="Guest">ARS000</User><Info><Verb>GET</Verb><URL>localhost/takeoff/Activity.aspx?fid=06022016_22.txt</URL><ServerIP>192.168.0.24 THE_MACHINE</ServerIP><ClientIP>::1 ::1</ClientIP><ReffererURL>localhost/takeoff/selectactivity.aspx</ReffererURL></Info><Browser><Name>Chrome</Name><Version>50.0</Version><CookieSupport>True</CookieSupport><JSSupport>True</JSSupport><Platform>WinNT</Platform></Browser><ElementsInSession>2</ElementsInSession><ElementsInCookies>1</ElementsInCookies><ElementsInCache>0</ElementsInCache></Activity><Activity><DateTime>02-06-2016 11:01:10 PM</DateTime><SessionID>jylhmz51xursd3iemkluay0t</SessionID><UID></UID><Summary>Some info was loged on 02 June 2016 11:01:10 PM</Summary><Message>Get successfull for username : Guest</Message><User type="Guest">ARS000</User><Info><Verb>GET</Verb><URL>localhost/takeoff/SelectActivity.aspx</URL><ServerIP>192.168.0.24 THE_MACHINE</ServerIP><ClientIP>::1 ::1</ClientIP><ReffererURL>localhost/takeoff/Activity.aspx?fid=06022016_22.txt</ReffererURL></Info><Browser><Name>Chrome</Name><Version>50.0</Version><CookieSupport>True</CookieSupport><JSSupport>True</JSSupport><Platform>WinNT</Platform></Browser><ElementsInSession>2</ElementsInSession><ElementsInCookies>1</ElementsInCookies><ElementsInCache>0</ElementsInCache></Activity><Activity><DateTime>02-06-2016 11:01:13 PM</DateTime><SessionID>jylhmz51xursd3iemkluay0t</SessionID><UID></UID><Summary>Some info was loged on 02 June 2016 11:01:13 PM</Summary><Message>Get successfull for username : Guest</Message><User type="Guest">ARS000</User><Info><Verb>POST</Verb><URL>localhost/takeoff/SelectActivity.aspx</URL><ServerIP>192.168.0.24 THE_MACHINE</ServerIP><ClientIP>::1 ::1</ClientIP><ReffererURL>localhost/takeoff/SelectActivity.aspx</ReffererURL></Info><Browser><Name>Chrome</Name><Version>50.0</Version><CookieSupport>True</CookieSupport><JSSupport>True</JSSupport><Platform>WinNT</Platform></Browser><ElementsInSession>2</ElementsInSession><ElementsInCookies>1</ElementsInCookies><ElementsInCache>0</ElementsInCache></Activity><Activity><DateTime>02-06-2016 11:01:13 PM</DateTime><SessionID>jylhmz51xursd3iemkluay0t</SessionID><UID></UID><Summary>Some info was loged on 02 June 2016 11:01:13 PM</Summary><Message>Get successfull for username : Guest</Message><User type="Guest">ARS000</User><Info><Verb>GET</Verb><URL>localhost/takeoff/Activity.aspx?fid=06022016_23.txt</URL><ServerIP>192.168.0.24 THE_MACHINE</ServerIP><ClientIP>::1 ::1</ClientIP><ReffererURL>localhost/takeoff/SelectActivity.aspx</ReffererURL></Info><Browser><Name>Chrome</Name><Version>50.0</Version><CookieSupport>True</CookieSupport><JSSupport>True</JSSupport><Platform>WinNT</Platform></Browser><ElementsInSession>2</ElementsInSession><ElementsInCookies>1</ElementsInCookies><ElementsInCache>0</ElementsInCache></Activity><Activity><DateTime>02-06-2016 11:01:26 PM</DateTime><SessionID>jylhmz51xursd3iemkluay0t</SessionID><UID></UID><Summary>Some info was loged on 02 June 2016 11:01:26 PM</Summary><Message>Get successfull for username : Guest</Message><User type="Guest">ARS000</User><Info><Verb>GET</Verb><URL>localhost/takeoff/SelectActivity.aspx</URL><ServerIP>192.168.0.24 THE_MACHINE</ServerIP><ClientIP>::1 ::1</ClientIP><ReffererURL>localhost/takeoff/Activity.aspx?fid=06022016_23.txt</ReffererURL></Info><Browser><Name>Chrome</Name><Version>50.0</Version><CookieSupport>True</CookieSupport><JSSupport>True</JSSupport><Platform>WinNT</Platform></Browser><ElementsInSession>2</ElementsInSession><ElementsInCookies>1</ElementsInCookies><ElementsInCache>0</ElementsInCache></Activity><Activity><DateTime>02-06-2016 11:01:29 PM</DateTime><SessionID>jylhmz51xursd3iemkluay0t</SessionID><UID></UID><Summary>Some info was loged on 02 June 2016 11:01:29 PM</Summary><Message>Get successfull for username : Guest</Message><User type="Guest">ARS000</User><Info><Verb>POST</Verb><URL>localhost/takeoff/SelectActivity.aspx</URL><ServerIP>192.168.0.24 THE_MACHINE</ServerIP><ClientIP>::1 ::1</ClientIP><ReffererURL>localhost/takeoff/SelectActivity.aspx</ReffererURL></Info><Browser><Name>Chrome</Name><Version>50.0</Version><CookieSupport>True</CookieSupport><JSSupport>True</JSSupport><Platform>WinNT</Platform></Browser><ElementsInSession>2</ElementsInSession><ElementsInCookies>1</ElementsInCookies><ElementsInCache>0</ElementsInCache></Activity><Activity><DateTime>02-06-2016 11:01:29 PM</DateTime><SessionID>jylhmz51xursd3iemkluay0t</SessionID><UID></UID><Summary>Some info was loged on 02 June 2016 11:01:29 PM</Summary><Message>Get successfull for username : Guest</Message><User type="Guest">ARS000</User><Info><Verb>GET</Verb><URL>localhost/takeoff/Activity.aspx?fid=06022016_23.txt</URL><ServerIP>192.168.0.24 THE_MACHINE</ServerIP><ClientIP>::1 ::1</ClientIP><ReffererURL>localhost/takeoff/SelectActivity.aspx</ReffererURL></Info><Browser><Name>Chrome</Name><Version>50.0</Version><CookieSupport>True</CookieSupport><JSSupport>True</JSSupport><Platform>WinNT</Platform></Browser><ElementsInSession>2</ElementsInSession><ElementsInCookies>1</ElementsInCookies><ElementsInCache>0</ElementsInCache></Activity><Activity><DateTime>02-06-2016 11:06:51 PM</DateTime><SessionID>jylhmz51xursd3iemkluay0t</SessionID><UID></UID><Summary>Some info was loged on 02 June 2016 11:06:51 PM</Summary><Message>New Session Started : 16393 jylhmz51xursd3iemkluay0t</Message><User type="Guest">ARS000</User><Info><Verb>GET</Verb><URL>localhost/takeoff/selectactivity.aspx</URL><ServerIP>192.168.0.24 THE_MACHINE</ServerIP><ClientIP>::1 ::1</ClientIP></Info><Browser><Name>Chrome</Name><Version>50.0</Version><CookieSupport>True</CookieSupport><JSSupport>True</JSSupport><Platform>WinNT</Platform></Browser><ElementsInSession>2</ElementsInSession><ElementsInCookies>1</ElementsInCookies><ElementsInCache>0</ElementsInCache></Activity><Activity><DateTime>02-06-2016 11:06:51 PM</DateTime><SessionID>jylhmz51xursd3iemkluay0t</SessionID><UID></UID><Summary>Some info was loged on 02 June 2016 11:06:51 PM</Summary><Message>Get successfull for username : Guest</Message><User type="Guest">ARS000</User><Info><Verb>GET</Verb><URL>localhost/takeoff/selectactivity.aspx</URL><ServerIP>192.168.0.24 THE_MACHINE</ServerIP><ClientIP>::1 ::1</ClientIP></Info><Browser><Name>Chrome</Name><Version>50.0</Version><CookieSupport>True</CookieSupport><JSSupport>True</JSSupport><Platform>WinNT</Platform></Browser><ElementsInSession>2</ElementsInSession><ElementsInCookies>1</ElementsInCookies><ElementsInCache>0</ElementsInCache></Activity><Activity><DateTime>02-06-2016 11:07:01 PM</DateTime><SessionID>jylhmz51xursd3iemkluay0t</SessionID><UID></UID><Summary>Some info was loged on 02 June 2016 11:07:01 PM</Summary><Message>New Session Started : 16393 jylhmz51xursd3iemkluay0t</Message><User type="Guest">ARS000</User><Info><Verb>POST</Verb><URL>localhost/takeoff/selectactivity.aspx</URL><ServerIP>192.168.0.24 THE_MACHINE</ServerIP><ClientIP>::1 ::1</ClientIP><ReffererURL>localhost/takeoff/selectactivity.aspx</ReffererURL></Info><Browser><Name>Chrome</Name><Version>50.0</Version><CookieSupport>True</CookieSupport><JSSupport>True</JSSupport><Platform>WinNT</Platform></Browser><ElementsInSession>2</ElementsInSession><ElementsInCookies>1</ElementsInCookies><ElementsInCache>0</ElementsInCache></Activity><Activity><DateTime>02-06-2016 11:07:01 PM</DateTime><SessionID>jylhmz51xursd3iemkluay0t</SessionID><UID></UID><Summary>Some info was loged on 02 June 2016 11:07:01 PM</Summary><Message>Get successfull for username : Guest</Message><User type="Guest">ARS000</User><Info><Verb>POST</Verb><URL>localhost/takeoff/selectactivity.aspx</URL><ServerIP>192.168.0.24 THE_MACHINE</ServerIP><ClientIP>::1 ::1</ClientIP><ReffererURL>localhost/takeoff/selectactivity.aspx</ReffererURL></Info><Browser><Name>Chrome</Name><Version>50.0</Version><CookieSupport>True</CookieSupport><JSSupport>True</JSSupport><Platform>WinNT</Platform></Browser><ElementsInSession>2</ElementsInSession><ElementsInCookies>1</ElementsInCookies><ElementsInCache>0</ElementsInCache></Activity><Activity><DateTime>02-06-2016 11:07:01 PM</DateTime><SessionID>jylhmz51xursd3iemkluay0t</SessionID><UID></UID><Summary>Some info was loged on 02 June 2016 11:07:01 PM</Summary><Message>Get successfull for username : Guest</Message><User type="Guest">ARS000</User><Info><Verb>GET</Verb><URL>localhost/takeoff/Activity.aspx?fid=06022016_23.txt</URL><ServerIP>192.168.0.24 THE_MACHINE</ServerIP><ClientIP>::1 ::1</ClientIP><ReffererURL>localhost/takeoff/selectactivity.aspx</ReffererURL></Info><Browser><Name>Chrome</Name><Version>50.0</Version><CookieSupport>True</CookieSupport><JSSupport>True</JSSupport><Platform>WinNT</Platform></Browser><ElementsInSession>2</ElementsInSession><ElementsInCookies>1</ElementsInCookies><ElementsInCache>0</ElementsInCache></Activity><Activity><DateTime>02-06-2016 11:08:05 PM</DateTime><SessionID>jylhmz51xursd3iemkluay0t</SessionID><UID></UID><Summary>Some info was loged on 02 June 2016 11:08:05 PM</Summary><Message>New Session Started : 16393 jylhmz51xursd3iemkluay0t</Message><User type="Guest">ARS000</User><Info><Verb>GET</Verb><URL>localhost/takeoff/selectactivity.aspx</URL><ServerIP>192.168.0.24 THE_MACHINE</ServerIP><ClientIP>::1 ::1</ClientIP></Info><Browser><Name>Chrome</Name><Version>50.0</Version><CookieSupport>True</CookieSupport><JSSupport>True</JSSupport><Platform>WinNT</Platform></Browser><ElementsInSession>2</ElementsInSession><ElementsInCookies>1</ElementsInCookies><ElementsInCache>0</ElementsInCache></Activity><Activity><DateTime>02-06-2016 11:08:06 PM</DateTime><SessionID>jylhmz51xursd3iemkluay0t</SessionID><UID></UID><Summary>Some info was loged on 02 June 2016 11:08:06 PM</Summary><Message>Get successfull for username : Guest</Message><User type="Guest">ARS000</User><Info><Verb>GET</Verb><URL>localhost/takeoff/selectactivity.aspx</URL><ServerIP>192.168.0.24 THE_MACHINE</ServerIP><ClientIP>::1 ::1</ClientIP></Info><Browser><Name>Chrome</Name><Version>50.0</Version><CookieSupport>True</CookieSupport><JSSupport>True</JSSupport><Platform>WinNT</Platform></Browser><ElementsInSession>2</ElementsInSession><ElementsInCookies>1</ElementsInCookies><ElementsInCache>0</ElementsInCache></Activity><Activity><DateTime>02-06-2016 11:08:09 PM</DateTime><SessionID>jylhmz51xursd3iemkluay0t</SessionID><UID></UID><Summary>Some info was loged on 02 June 2016 11:08:09 PM</Summary><Message>Get successfull for username : Guest</Message><User type="Guest">ARS000</User><Info><Verb>POST</Verb><URL>localhost/takeoff/selectactivity.aspx</URL><ServerIP>192.168.0.24 THE_MACHINE</ServerIP><ClientIP>::1 ::1</ClientIP><ReffererURL>localhost/takeoff/selectactivity.aspx</ReffererURL></Info><Browser><Name>Chrome</Name><Version>50.0</Version><CookieSupport>True</CookieSupport><JSSupport>True</JSSupport><Platform>WinNT</Platform></Browser><ElementsInSession>2</ElementsInSession><ElementsInCookies>1</ElementsInCookies><ElementsInCache>0</ElementsInCache></Activity><Activity><DateTime>02-06-2016 11:08:09 PM</DateTime><SessionID>jylhmz51xursd3iemkluay0t</SessionID><UID></UID><Summary>Some info was loged on 02 June 2016 11:08:09 PM</Summary><Message>Get successfull for username : Guest</Message><User type="Guest">ARS000</User><Info><Verb>GET</Verb><URL>localhost/takeoff/XmlTransform.aspx?type=App&amp;fid=06022016_23.xml</URL><ServerIP>192.168.0.24 THE_MACHINE</ServerIP><ClientIP>::1 ::1</ClientIP><ReffererURL>localhost/takeoff/selectactivity.aspx</ReffererURL></Info><Browser><Name>Chrome</Name><Version>50.0</Version><CookieSupport>True</CookieSupport><JSSupport>True</JSSupport><Platform>WinNT</Platform></Browser><ElementsInSession>2</ElementsInSession><ElementsInCookies>1</ElementsInCookies><ElementsInCache>0</ElementsInCache></Activity><Activity><DateTime>02-06-2016 11:14:14 PM</DateTime><SessionID>jylhmz51xursd3iemkluay0t</SessionID><UID></UID><Summary>Some info was loged on 02 June 2016 11:14:14 PM</Summary><Message>New Session Started : 16393 jylhmz51xursd3iemkluay0t</Message><User type="Guest">ARS000</User><Info><Verb>GET</Verb><URL>localhost/takeoff/selectactivity.aspx</URL><ServerIP>192.168.0.24 THE_MACHINE</ServerIP><ClientIP>::1 ::1</ClientIP></Info><Browser><Name>Chrome</Name><Version>50.0</Version><CookieSupport>True</CookieSupport><JSSupport>True</JSSupport><Platform>WinNT</Platform></Browser><ElementsInSession>2</ElementsInSession><ElementsInCookies>1</ElementsInCookies><ElementsInCache>0</ElementsInCache></Activity><Activity><DateTime>02-06-2016 11:14:15 PM</DateTime><SessionID>jylhmz51xursd3iemkluay0t</SessionID><UID></UID><Summary>Some info was loged on 02 June 2016 11:14:15 PM</Summary><Message>Get successfull for username : Guest</Message><User type="Guest">ARS000</User><Info><Verb>GET</Verb><URL>localhost/takeoff/selectactivity.aspx</URL><ServerIP>192.168.0.24 THE_MACHINE</ServerIP><ClientIP>::1 ::1</ClientIP></Info><Browser><Name>Chrome</Name><Version>50.0</Version><CookieSupport>True</CookieSupport><JSSupport>True</JSSupport><Platform>WinNT</Platform></Browser><ElementsInSession>2</ElementsInSession><ElementsInCookies>1</ElementsInCookies><ElementsInCache>0</ElementsInCache></Activity><Activity><DateTime>02-06-2016 11:14:32 PM</DateTime><SessionID>jylhmz51xursd3iemkluay0t</SessionID><UID></UID><Summary>Some info was loged on 02 June 2016 11:14:32 PM</Summary><Message>Get successfull for username : Guest</Message><User type="Guest">ARS000</User><Info><Verb>POST</Verb><URL>localhost/takeoff/selectactivity.aspx</URL><ServerIP>192.168.0.24 THE_MACHINE</ServerIP><ClientIP>::1 ::1</ClientIP><ReffererURL>localhost/takeoff/selectactivity.aspx</ReffererURL></Info><Browser><Name>Chrome</Name><Version>50.0</Version><CookieSupport>True</CookieSupport><JSSupport>True</JSSupport><Platform>WinNT</Platform></Browser><ElementsInSession>2</ElementsInSession><ElementsInCookies>1</ElementsInCookies><ElementsInCache>0</ElementsInCache></Activity><Activity><DateTime>02-06-2016 11:14:32 PM</DateTime><SessionID>jylhmz51xursd3iemkluay0t</SessionID><UID></UID><Summary>Some info was loged on 02 June 2016 11:14:32 PM</Summary><Message>Get successfull for username : Guest</Message><User type="Guest">ARS000</User><Info><Verb>GET</Verb><URL>localhost/takeoff/Activity.aspx?fid=06022016_23.txt</URL><ServerIP>192.168.0.24 THE_MACHINE</ServerIP><ClientIP>::1 ::1</ClientIP><ReffererURL>localhost/takeoff/selectactivity.aspx</ReffererURL></Info><Browser><Name>Chrome</Name><Version>50.0</Version><CookieSupport>True</CookieSupport><JSSupport>True</JSSupport><Platform>WinNT</Platform></Browser><ElementsInSession>2</ElementsInSession><ElementsInCookies>1</ElementsInCookies><ElementsInCache>0</ElementsInCache></Activity><Activity><DateTime>02-06-2016 11:14:32 PM</DateTime><SessionID>jylhmz51xursd3iemkluay0t</SessionID><UID></UID><Summary>Some info was loged on 02 June 2016 11:14:32 PM</Summary><Message>Get successfull for username : Guest</Message><User type="Guest">ARS000</User><Info><Verb>GET</Verb><URL>localhost/takeoff/XmlTransform.aspx?type=App&amp;fid=06022016_23.xml</URL><ServerIP>192.168.0.24 THE_MACHINE</ServerIP><ClientIP>::1 ::1</ClientIP><ReffererURL>localhost/takeoff/selectactivity.aspx</ReffererURL></Info><Browser><Name>Chrome</Name><Version>50.0</Version><CookieSupport>True</CookieSupport><JSSupport>True</JSSupport><Platform>WinNT</Platform></Browser><ElementsInSession>2</ElementsInSession><ElementsInCookies>1</ElementsInCookies><ElementsInCache>0</ElementsInCache></Activity><Activity><DateTime>02-06-2016 11:15:38 PM</DateTime><SessionID>jylhmz51xursd3iemkluay0t</SessionID><UID></UID><Summary>Some info was loged on 02 June 2016 11:15:38 PM</Summary><Message>New Session Started : 16393 jylhmz51xursd3iemkluay0t</Message><User type="Guest">ARS000</User><Info><Verb>GET</Verb><URL>localhost/takeoff/selectactivity.aspx</URL><ServerIP>192.168.0.24 THE_MACHINE</ServerIP><ClientIP>::1 ::1</ClientIP></Info><Browser><Name>Chrome</Name><Version>50.0</Version><CookieSupport>True</CookieSupport><JSSupport>True</JSSupport><Platform>WinNT</Platform></Browser><ElementsInSession>2</ElementsInSession><ElementsInCookies>1</ElementsInCookies><ElementsInCache>0</ElementsInCache></Activity><Activity><DateTime>02-06-2016 11:15:38 PM</DateTime><SessionID>jylhmz51xursd3iemkluay0t</SessionID><UID></UID><Summary>Some info was loged on 02 June 2016 11:15:38 PM</Summary><Message>Get successfull for username : Guest</Message><User type="Guest">ARS000</User><Info><Verb>GET</Verb><URL>localhost/takeoff/selectactivity.aspx</URL><ServerIP>192.168.0.24 THE_MACHINE</ServerIP><ClientIP>::1 ::1</ClientIP></Info><Browser><Name>Chrome</Name><Version>50.0</Version><CookieSupport>True</CookieSupport><JSSupport>True</JSSupport><Platform>WinNT</Platform></Browser><ElementsInSession>2</ElementsInSession><ElementsInCookies>1</ElementsInCookies><ElementsInCache>0</ElementsInCache></Activity><Activity><DateTime>02-06-2016 11:15:41 PM</DateTime><SessionID>jylhmz51xursd3iemkluay0t</SessionID><UID></UID><Summary>Some info was loged on 02 June 2016 11:15:41 PM</Summary><Message>Get successfull for username : Guest</Message><User type="Guest">ARS000</User><Info><Verb>POST</Verb><URL>localhost/takeoff/selectactivity.aspx</URL><ServerIP>192.168.0.24 THE_MACHINE</ServerIP><ClientIP>::1 ::1</ClientIP><ReffererURL>localhost/takeoff/selectactivity.aspx</ReffererURL></Info><Browser><Name>Chrome</Name><Version>50.0</Version><CookieSupport>True</CookieSupport><JSSupport>True</JSSupport><Platform>WinNT</Platform></Browser><ElementsInSession>2</ElementsInSession><ElementsInCookies>1</ElementsInCookies><ElementsInCache>0</ElementsInCache></Activity><Activity><DateTime>02-06-2016 11:15:41 PM</DateTime><SessionID>jylhmz51xursd3iemkluay0t</SessionID><UID></UID><Summary>Some info was loged on 02 June 2016 11:15:41 PM</Summary><Message>Get successfull for username : Guest</Message><User type="Guest">ARS000</User><Info><Verb>GET</Verb><URL>localhost/takeoff/Activity.aspx?fid=06022016_23.txt</URL><ServerIP>192.168.0.24 THE_MACHINE</ServerIP><ClientIP>::1 ::1</ClientIP><ReffererURL>localhost/takeoff/selectactivity.aspx</ReffererURL></Info><Browser><Name>Chrome</Name><Version>50.0</Version><CookieSupport>True</CookieSupport><JSSupport>True</JSSupport><Platform>WinNT</Platform></Browser><ElementsInSession>2</ElementsInSession><ElementsInCookies>1</ElementsInCookies><ElementsInCache>0</ElementsInCache></Activity><Activity><DateTime>02-06-2016 11:23:53 PM</DateTime><SessionID>jylhmz51xursd3iemkluay0t</SessionID><UID></UID><Summary>Some info was loged on 02 June 2016 11:23:53 PM</Summary><Message>New Session Started : 16393 jylhmz51xursd3iemkluay0t</Message><User type="Guest">ARS000</User><Info><Verb>GET</Verb><URL>localhost/takeoff/SelectActivity.aspx</URL><ServerIP>192.168.0.24 THE_MACHINE</ServerIP><ClientIP>::1 ::1</ClientIP></Info><Browser><Name>Chrome</Name><Version>50.0</Version><CookieSupport>True</CookieSupport><JSSupport>True</JSSupport><Platform>WinNT</Platform></Browser><ElementsInSession>2</ElementsInSession><ElementsInCookies>1</ElementsInCookies><ElementsInCache>0</ElementsInCache></Activity><Activity><DateTime>02-06-2016 11:23:53 PM</DateTime><SessionID>jylhmz51xursd3iemkluay0t</SessionID><UID></UID><Summary>Some info was loged on 02 June 2016 11:23:53 PM</Summary><Message>Get successfull for username : Guest</Message><User type="Guest">ARS000</User><Info><Verb>GET</Verb><URL>localhost/takeoff/SelectActivity.aspx</URL><ServerIP>192.168.0.24 THE_MACHINE</ServerIP><ClientIP>::1 ::1</ClientIP></Info><Browser><Name>Chrome</Name><Version>50.0</Version><CookieSupport>True</CookieSupport><JSSupport>True</JSSupport><Platform>WinNT</Platform></Browser><ElementsInSession>2</ElementsInSession><ElementsInCookies>1</ElementsInCookies><ElementsInCache>0</ElementsInCache></Activity><Activity><DateTime>02-06-2016 11:24:04 PM</DateTime><SessionID>jylhmz51xursd3iemkluay0t</SessionID><UID></UID><Summary>Some info was loged on 02 June 2016 11:24:04 PM</Summary><Message>New Session Started : 16393 jylhmz51xursd3iemkluay0t</Message><User type="Guest">ARS000</User><Info><Verb>POST</Verb><URL>localhost/takeoff/SelectActivity.aspx</URL><ServerIP>192.168.0.24 THE_MACHINE</ServerIP><ClientIP>::1 ::1</ClientIP><ReffererURL>localhost/takeoff/SelectActivity.aspx</ReffererURL></Info><Browser><Name>Chrome</Name><Version>50.0</Version><CookieSupport>True</CookieSupport><JSSupport>True</JSSupport><Platform>WinNT</Platform></Browser><ElementsInSession>2</ElementsInSession><ElementsInCookies>1</ElementsInCookies><ElementsInCache>0</ElementsInCache></Activity><Activity><DateTime>02-06-2016 11:24:04 PM</DateTime><SessionID>jylhmz51xursd3iemkluay0t</SessionID><UID></UID><Summary>Some info was loged on 02 June 2016 11:24:04 PM</Summary><Message>Get successfull for username : Guest</Message><User type="Guest">ARS000</User><Info><Verb>POST</Verb><URL>localhost/takeoff/SelectActivity.aspx</URL><ServerIP>192.168.0.24 THE_MACHINE</ServerIP><ClientIP>::1 ::1</ClientIP><ReffererURL>localhost/takeoff/SelectActivity.aspx</ReffererURL></Info><Browser><Name>Chrome</Name><Version>50.0</Version><CookieSupport>True</CookieSupport><JSSupport>True</JSSupport><Platform>WinNT</Platform></Browser><ElementsInSession>2</ElementsInSession><ElementsInCookies>1</ElementsInCookies><ElementsInCache>0</ElementsInCache></Activity><Activity><DateTime>02-06-2016 11:24:04 PM</DateTime><SessionID>jylhmz51xursd3iemkluay0t</SessionID><UID></UID><Summary>Some info was loged on 02 June 2016 11:24:04 PM</Summary><Message>Get successfull for username : Guest</Message><User type="Guest">ARS000</User><Info><Verb>GET</Verb><URL>localhost/takeoff/Activity.aspx?fid=06022016_23.txt</URL><ServerIP>192.168.0.24 THE_MACHINE</ServerIP><ClientIP>::1 ::1</ClientIP><ReffererURL>localhost/takeoff/SelectActivity.aspx</ReffererURL></Info><Browser><Name>Chrome</Name><Version>50.0</Version><CookieSupport>True</CookieSupport><JSSupport>True</JSSupport><Platform>WinNT</Platform></Browser><ElementsInSession>2</ElementsInSession><ElementsInCookies>1</ElementsInCookies><ElementsInCache>0</ElementsInCache></Activity><Activity><DateTime>02-06-2016 11:24:09 PM</DateTime><SessionID>jylhmz51xursd3iemkluay0t</SessionID><UID></UID><Summary>Some info was loged on 02 June 2016 11:24:09 PM</Summary><Message>Get successfull for username : Guest</Message><User type="Guest">ARS000</User><Info><Verb>POST</Verb><URL>localhost/takeoff/Activity.aspx?fid=06022016_23.txt</URL><ServerIP>192.168.0.24 THE_MACHINE</ServerIP><ClientIP>::1 ::1</ClientIP><ReffererURL>localhost/takeoff/Activity.aspx?fid=06022016_23.txt</ReffererURL></Info><Browser><Name>Chrome</Name><Version>50.0</Version><CookieSupport>True</CookieSupport><JSSupport>True</JSSupport><Platform>WinNT</Platform></Browser><ElementsInSession>2</ElementsInSession><ElementsInCookies>1</ElementsInCookies><ElementsInCache>0</ElementsInCache></Activity><Activity><DateTime>02-06-2016 11:24:09 PM</DateTime><SessionID>jylhmz51xursd3iemkluay0t</SessionID><UID></UID><Summary>Some info was loged on 02 June 2016 11:24:09 PM</Summary><Message>Get successfull for username : Guest</Message><User type="Guest">ARS000</User><Info><Verb>GET</Verb><URL>localhost/takeoff/XmlTransform.aspx?type=App&amp;fid=06022016_23.xml</URL><ServerIP>192.168.0.24 THE_MACHINE</ServerIP><ClientIP>::1 ::1</ClientIP><ReffererURL>localhost/takeoff/Activity.aspx?fid=06022016_23.txt</ReffererURL></Info><Browser><Name>Chrome</Name><Version>50.0</Version><CookieSupport>True</CookieSupport><JSSupport>True</JSSupport><Platform>WinNT</Platform></Browser><ElementsInSession>2</ElementsInSession><ElementsInCookies>1</ElementsInCookies><ElementsInCache>0</ElementsInCache></Activity><Activity><DateTime>02-06-2016 11:35:35 PM</DateTime><SessionID>jylhmz51xursd3iemkluay0t</SessionID><UID></UID><Summary>Some info was loged on 02 June 2016 11:35:35 PM</Summary><Message>New Session Started : 16393 jylhmz51xursd3iemkluay0t</Message><User type="Guest">ARS000</User><Info><Verb>GET</Verb><URL>localhost/takeoff/SelectActivity.aspx</URL><ServerIP>192.168.0.11 THE_MACHINE</ServerIP><ClientIP>::1 ::1</ClientIP></Info><Browser><Name>Chrome</Name><Version>50.0</Version><CookieSupport>True</CookieSupport><JSSupport>True</JSSupport><Platform>WinNT</Platform></Browser><ElementsInSession>2</ElementsInSession><ElementsInCookies>1</ElementsInCookies><ElementsInCache>0</ElementsInCache></Activity><Activity><DateTime>02-06-2016 11:35:36 PM</DateTime><SessionID>jylhmz51xursd3iemkluay0t</SessionID><UID></UID><Summary>Some info was loged on 02 June 2016 11:35:36 PM</Summary><Message>Get successfull for username : Guest</Message><User type="Guest">ARS000</User><Info><Verb>GET</Verb><URL>localhost/takeoff/SelectActivity.aspx</URL><ServerIP>192.168.0.11 THE_MACHINE</ServerIP><ClientIP>::1 ::1</ClientIP></Info><Browser><Name>Chrome</Name><Version>50.0</Version><CookieSupport>True</CookieSupport><JSSupport>True</JSSupport><Platform>WinNT</Platform></Browser><ElementsInSession>2</ElementsInSession><ElementsInCookies>1</ElementsInCookies><ElementsInCache>0</ElementsInCache></Activity><Activity><DateTime>02-06-2016 11:35:41 PM</DateTime><SessionID>jylhmz51xursd3iemkluay0t</SessionID><UID></UID><Summary>Some info was loged on 02 June 2016 11:35:41 PM</Summary><Message>Get successfull for username : Guest</Message><User type="Guest">ARS000</User><Info><Verb>POST</Verb><URL>localhost/takeoff/SelectActivity.aspx</URL><ServerIP>192.168.0.11 THE_MACHINE</ServerIP><ClientIP>::1 ::1</ClientIP><ReffererURL>localhost/takeoff/SelectActivity.aspx</ReffererURL></Info><Browser><Name>Chrome</Name><Version>50.0</Version><CookieSupport>True</CookieSupport><JSSupport>True</JSSupport><Platform>WinNT</Platform></Browser><ElementsInSession>2</ElementsInSession><ElementsInCookies>1</ElementsInCookies><ElementsInCache>0</ElementsInCache></Activity><Activity><DateTime>02-06-2016 11:36:24 PM</DateTime><SessionID>jylhmz51xursd3iemkluay0t</SessionID><UID></UID><Summary>Some info was loged on 02 June 2016 11:36:24 PM</Summary><Message>New Session Started : 16393 jylhmz51xursd3iemkluay0t</Message><User type="Guest">ARS000</User><Info><Verb>GET</Verb><URL>localhost/takeoff/selectactivity.aspx</URL><ServerIP>192.168.0.11 THE_MACHINE</ServerIP><ClientIP>::1 ::1</ClientIP></Info><Browser><Name>Chrome</Name><Version>50.0</Version><CookieSupport>True</CookieSupport><JSSupport>True</JSSupport><Platform>WinNT</Platform></Browser><ElementsInSession>2</ElementsInSession><ElementsInCookies>1</ElementsInCookies><ElementsInCache>0</ElementsInCache></Activity><Activity><DateTime>02-06-2016 11:36:24 PM</DateTime><SessionID>jylhmz51xursd3iemkluay0t</SessionID><UID></UID><Summary>Some info was loged on 02 June 2016 11:36:24 PM</Summary><Message>Get successfull for username : Guest</Message><User type="Guest">ARS000</User><Info><Verb>GET</Verb><URL>localhost/takeoff/selectactivity.aspx</URL><ServerIP>192.168.0.11 THE_MACHINE</ServerIP><ClientIP>::1 ::1</ClientIP></Info><Browser><Name>Chrome</Name><Version>50.0</Version><CookieSupport>True</CookieSupport><JSSupport>True</JSSupport><Platform>WinNT</Platform></Browser><ElementsInSession>2</ElementsInSession><ElementsInCookies>1</ElementsInCookies><ElementsInCache>0</ElementsInCache></Activity><Activity><DateTime>02-06-2016 11:36:27 PM</DateTime><SessionID>jylhmz51xursd3iemkluay0t</SessionID><UID></UID><Summary>Some info was loged on 02 June 2016 11:36:27 PM</Summary><Message>Get successfull for username : Guest</Message><User type="Guest">ARS000</User><Info><Verb>POST</Verb><URL>localhost/takeoff/selectactivity.aspx</URL><ServerIP>192.168.0.11 THE_MACHINE</ServerIP><ClientIP>::1 ::1</ClientIP><ReffererURL>localhost/takeoff/selectactivity.aspx</ReffererURL></Info><Browser><Name>Chrome</Name><Version>50.0</Version><CookieSupport>True</CookieSupport><JSSupport>True</JSSupport><Platform>WinNT</Platform></Browser><ElementsInSession>2</ElementsInSession><ElementsInCookies>1</ElementsInCookies><ElementsInCache>0</ElementsInCache></Activity><Activity><DateTime>02-06-2016 11:36:27 PM</DateTime><SessionID>jylhmz51xursd3iemkluay0t</SessionID><UID></UID><Summary>Some info was loged on 02 June 2016 11:36:27 PM</Summary><Message>Get successfull for username : Guest</Message><User type="Guest">ARS000</User><Info><Verb>GET</Verb><URL>localhost/takeoff/Activity.aspx?fid=06022016_23.txt</URL><ServerIP>192.168.0.11 THE_MACHINE</ServerIP><ClientIP>::1 ::1</ClientIP><ReffererURL>localhost/takeoff/selectactivity.aspx</ReffererURL></Info><Browser><Name>Chrome</Name><Version>50.0</Version><CookieSupport>True</CookieSupport><JSSupport>True</JSSupport><Platform>WinNT</Platform></Browser><ElementsInSession>2</ElementsInSession><ElementsInCookies>1</ElementsInCookies><ElementsInCache>0</ElementsInCache></Activity><Activity><DateTime>02-06-2016 11:36:32 PM</DateTime><SessionID>jylhmz51xursd3iemkluay0t</SessionID><UID></UID><Summary>Some info was loged on 02 June 2016 11:36:32 PM</Summary><Message>Get successfull for username : Guest</Message><User type="Guest">ARS000</User><Info><Verb>GET</Verb><URL>localhost/takeoff/XmlTransform.aspx?type=App&amp;fid=06022016_23.xml</URL><ServerIP>192.168.0.11 THE_MACHINE</ServerIP><ClientIP>::1 ::1</ClientIP><ReffererURL>localhost/takeoff/Activity.aspx?fid=06022016_23.txt</ReffererURL></Info><Browser><Name>Chrome</Name><Version>50.0</Version><CookieSupport>True</CookieSupport><JSSupport>True</JSSupport><Platform>WinNT</Platform></Browser><ElementsInSession>2</ElementsInSession><ElementsInCookies>1</ElementsInCookies><ElementsInCache>0</ElementsInCache></Activity><Activity><DateTime>02-06-2016 11:39:14 PM</DateTime><SessionID>jylhmz51xursd3iemkluay0t</SessionID><UID></UID><Summary>Some info was loged on 02 June 2016 11:39:14 PM</Summary><Message>New Session Started : 16393 jylhmz51xursd3iemkluay0t</Message><User type="Guest">ARS000</User><Info><Verb>GET</Verb><URL>localhost/takeoff/selectactivity.aspx</URL><ServerIP>192.168.0.11 THE_MACHINE</ServerIP><ClientIP>::1 ::1</ClientIP></Info><Browser><Name>Chrome</Name><Version>50.0</Version><CookieSupport>True</CookieSupport><JSSupport>True</JSSupport><Platform>WinNT</Platform></Browser><ElementsInSession>2</ElementsInSession><ElementsInCookies>1</ElementsInCookies><ElementsInCache>0</ElementsInCache></Activity><Activity><DateTime>02-06-2016 11:39:14 PM</DateTime><SessionID>jylhmz51xursd3iemkluay0t</SessionID><UID></UID><Summary>Some info was loged on 02 June 2016 11:39:14 PM</Summary><Message>Get successfull for username : Guest</Message><User type="Guest">ARS000</User><Info><Verb>GET</Verb><URL>localhost/takeoff/selectactivity.aspx</URL><ServerIP>192.168.0.11 THE_MACHINE</ServerIP><ClientIP>::1 ::1</ClientIP></Info><Browser><Name>Chrome</Name><Version>50.0</Version><CookieSupport>True</CookieSupport><JSSupport>True</JSSupport><Platform>WinNT</Platform></Browser><ElementsInSession>2</ElementsInSession><ElementsInCookies>1</ElementsInCookies><ElementsInCache>0</ElementsInCache></Activity><Activity><DateTime>02-06-2016 11:39:17 PM</DateTime><SessionID>jylhmz51xursd3iemkluay0t</SessionID><UID></UID><Summary>Some info was loged on 02 June 2016 11:39:17 PM</Summary><Message>Get successfull for username : Guest</Message><User type="Guest">ARS000</User><Info><Verb>POST</Verb><URL>localhost/takeoff/selectactivity.aspx</URL><ServerIP>192.168.0.11 THE_MACHINE</ServerIP><ClientIP>::1 ::1</ClientIP><ReffererURL>localhost/takeoff/selectactivity.aspx</ReffererURL></Info><Browser><Name>Chrome</Name><Version>50.0</Version><CookieSupport>True</CookieSupport><JSSupport>True</JSSupport><Platform>WinNT</Platform></Browser><ElementsInSession>2</ElementsInSession><ElementsInCookies>1</ElementsInCookies><ElementsInCache>0</ElementsInCache></Activity><Activity><DateTime>02-06-2016 11:39:17 PM</DateTime><SessionID>jylhmz51xursd3iemkluay0t</SessionID><UID></UID><Summary>Some info was loged on 02 June 2016 11:39:17 PM</Summary><Message>Get successfull for username : Guest</Message><User type="Guest">ARS000</User><Info><Verb>GET</Verb><URL>localhost/takeoff/Activity.aspx?fid=06022016_23.txt</URL><ServerIP>192.168.0.11 THE_MACHINE</ServerIP><ClientIP>::1 ::1</ClientIP><ReffererURL>localhost/takeoff/selectactivity.aspx</ReffererURL></Info><Browser><Name>Chrome</Name><Version>50.0</Version><CookieSupport>True</CookieSupport><JSSupport>True</JSSupport><Platform>WinNT</Platform></Browser><ElementsInSession>2</ElementsInSession><ElementsInCookies>1</ElementsInCookies><ElementsInCache>0</ElementsInCache></Activity><Activity><DateTime>02-06-2016 11:39:23 PM</DateTime><SessionID>jylhmz51xursd3iemkluay0t</SessionID><UID></UID><Summary>Some info was loged on 02 June 2016 11:39:23 PM</Summary><Message>Get successfull for username : Guest</Message><User type="Guest">ARS000</User><Info><Verb>GET</Verb><URL>localhost/takeoff/XmlTransform.aspx?type=App&amp;fid=06022016_23.xml</URL><ServerIP>192.168.0.11 THE_MACHINE</ServerIP><ClientIP>::1 ::1</ClientIP><ReffererURL>localhost/takeoff/Activity.aspx?fid=06022016_23.txt</ReffererURL></Info><Browser><Name>Chrome</Name><Version>50.0</Version><CookieSupport>True</CookieSupport><JSSupport>True</JSSupport><Platform>WinNT</Platform></Browser><ElementsInSession>2</ElementsInSession><ElementsInCookies>1</ElementsInCookies><ElementsInCache>0</ElementsInCache></Activity><Activity><DateTime>02-06-2016 11:40:42 PM</DateTime><SessionID>jylhmz51xursd3iemkluay0t</SessionID><UID></UID><Summary>Some info was loged on 02 June 2016 11:40:42 PM</Summary><Message>Get successfull for username : Guest</Message><User type="Guest">ARS000</User><Info><Verb>GET</Verb><URL>localhost/takeoff/selectactivity.aspx</URL><ServerIP>192.168.0.11 THE_MACHINE</ServerIP><ClientIP>::1 ::1</ClientIP></Info><Browser><Name>Chrome</Name><Version>50.0</Version><CookieSupport>True</CookieSupport><JSSupport>True</JSSupport><Platform>WinNT</Platform></Browser><ElementsInSession>2</ElementsInSession><ElementsInCookies>1</ElementsInCookies><ElementsInCache>0</ElementsInCache></Activity><Activity><DateTime>02-06-2016 11:40:46 PM</DateTime><SessionID>jylhmz51xursd3iemkluay0t</SessionID><UID></UID><Summary>Some info was loged on 02 June 2016 11:40:46 PM</Summary><Message>Get successfull for username : Guest</Message><User type="Guest">ARS000</User><Info><Verb>POST</Verb><URL>localhost/takeoff/selectactivity.aspx</URL><ServerIP>192.168.0.11 THE_MACHINE</ServerIP><ClientIP>::1 ::1</ClientIP><ReffererURL>localhost/takeoff/selectactivity.aspx</ReffererURL></Info><Browser><Name>Chrome</Name><Version>50.0</Version><CookieSupport>True</CookieSupport><JSSupport>True</JSSupport><Platform>WinNT</Platform></Browser><ElementsInSession>2</ElementsInSession><ElementsInCookies>1</ElementsInCookies><ElementsInCache>0</ElementsInCache></Activity><Activity><DateTime>02-06-2016 11:40:47 PM</DateTime><SessionID>jylhmz51xursd3iemkluay0t</SessionID><UID></UID><Summary>Some info was loged on 02 June 2016 11:40:47 PM</Summary><Message>Get successfull for username : Guest</Message><User type="Guest">ARS000</User><Info><Verb>GET</Verb><URL>localhost/takeoff/Activity.aspx?fid=06022016_23.txt</URL><ServerIP>192.168.0.11 THE_MACHINE</ServerIP><ClientIP>::1 ::1</ClientIP><ReffererURL>localhost/takeoff/selectactivity.aspx</ReffererURL></Info><Browser><Name>Chrome</Name><Version>50.0</Version><CookieSupport>True</CookieSupport><JSSupport>True</JSSupport><Platform>WinNT</Platform></Browser><ElementsInSession>2</ElementsInSession><ElementsInCookies>1</ElementsInCookies><ElementsInCache>0</ElementsInCache></Activity><Activity><DateTime>02-06-2016 11:41:35 PM</DateTime><SessionID>jylhmz51xursd3iemkluay0t</SessionID><UID></UID><Summary>Some info was loged on 02 June 2016 11:41:35 PM</Summary><Message>Get successfull for username : Guest</Message><User type="Guest">ARS000</User><Info><Verb>GET</Verb><URL>localhost/takeoff/selectactivity.aspx</URL><ServerIP>192.168.0.11 THE_MACHINE</ServerIP><ClientIP>::1 ::1</ClientIP></Info><Browser><Name>Chrome</Name><Version>50.0</Version><CookieSupport>True</CookieSupport><JSSupport>True</JSSupport><Platform>WinNT</Platform></Browser><ElementsInSession>2</ElementsInSession><ElementsInCookies>1</ElementsInCookies><ElementsInCache>0</ElementsInCache></Activity><Activity><DateTime>02-06-2016 11:41:41 PM</DateTime><SessionID>jylhmz51xursd3iemkluay0t</SessionID><UID></UID><Summary>Some info was loged on 02 June 2016 11:41:41 PM</Summary><Message>Get successfull for username : Guest</Message><User type="Guest">ARS000</User><Info><Verb>POST</Verb><URL>localhost/takeoff/selectactivity.aspx</URL><ServerIP>192.168.0.11 THE_MACHINE</ServerIP><ClientIP>::1 ::1</ClientIP><ReffererURL>localhost/takeoff/selectactivity.aspx</ReffererURL></Info><Browser><Name>Chrome</Name><Version>50.0</Version><CookieSupport>True</CookieSupport><JSSupport>True</JSSupport><Platform>WinNT</Platform></Browser><ElementsInSession>2</ElementsInSession><ElementsInCookies>1</ElementsInCookies><ElementsInCache>0</ElementsInCache></Activity><Activity><DateTime>02-06-2016 11:41:41 PM</DateTime><SessionID>jylhmz51xursd3iemkluay0t</SessionID><UID></UID><Summary>Some info was loged on 02 June 2016 11:41:41 PM</Summary><Message>Get successfull for username : Guest</Message><User type="Guest">ARS000</User><Info><Verb>GET</Verb><URL>localhost/takeoff/Activity.aspx?fid=06022016_23.txt</URL><ServerIP>192.168.0.11 THE_MACHINE</ServerIP><ClientIP>::1 ::1</ClientIP><ReffererURL>localhost/takeoff/selectactivity.aspx</ReffererURL></Info><Browser><Name>Chrome</Name><Version>50.0</Version><CookieSupport>True</CookieSupport><JSSupport>True</JSSupport><Platform>WinNT</Platform></Browser><ElementsInSession>2</ElementsInSession><ElementsInCookies>1</ElementsInCookies><ElementsInCache>0</ElementsInCache></Activity><Activity><DateTime>02-06-2016 11:41:44 PM</DateTime><SessionID>jylhmz51xursd3iemkluay0t</SessionID><UID></UID><Summary>Some info was loged on 02 June 2016 11:41:44 PM</Summary><Message>Get successfull for username : Guest</Message><User type="Guest">ARS000</User><Info><Verb>GET</Verb><URL>localhost/takeoff/XmlTransform.aspx?type=App&amp;fid=06022016_23.xml</URL><ServerIP>192.168.0.11 THE_MACHINE</ServerIP><ClientIP>::1 ::1</ClientIP><ReffererURL>localhost/takeoff/Activity.aspx?fid=06022016_23.txt</ReffererURL></Info><Browser><Name>Chrome</Name><Version>50.0</Version><CookieSupport>True</CookieSupport><JSSupport>True</JSSupport><Platform>WinNT</Platform></Browser><ElementsInSession>2</ElementsInSession><ElementsInCookies>1</ElementsInCookies><ElementsInCache>0</ElementsInCache></Activity><Activity><DateTime>02-06-2016 11:42:25 PM</DateTime><SessionID>jylhmz51xursd3iemkluay0t</SessionID><UID></UID><Summary>Some info was loged on 02 June 2016 11:42:25 PM</Summary><Message>Get successfull for username : Guest</Message><User type="Guest">ARS000</User><Info><Verb>GET</Verb><URL>localhost/takeoff/Activity.aspx?fid=06022016_23.txt</URL><ServerIP>192.168.0.11 THE_MACHINE</ServerIP><ClientIP>::1 ::1</ClientIP><ReffererURL>localhost/takeoff/selectactivity.aspx</ReffererURL></Info><Browser><Name>Chrome</Name><Version>50.0</Version><CookieSupport>True</CookieSupport><JSSupport>True</JSSupport><Platform>WinNT</Platform></Browser><ElementsInSession>2</ElementsInSession><ElementsInCookies>1</ElementsInCookies><ElementsInCache>0</ElementsInCache></Activity><Activity><DateTime>02-06-2016 11:43:07 PM</DateTime><SessionID>jylhmz51xursd3iemkluay0t</SessionID><UID></UID><Summary>Some info was loged on 02 June 2016 11:43:07 PM</Summary><Message>Get successfull for username : Guest</Message><User type="Guest">ARS000</User><Info><Verb>GET</Verb><URL>localhost/takeoff/Activity.aspx?fid=06022016_23.txt</URL><ServerIP>192.168.0.11 THE_MACHINE</ServerIP><ClientIP>::1 ::1</ClientIP><ReffererURL>localhost/takeoff/selectactivity.aspx</ReffererURL></Info><Browser><Name>Chrome</Name><Version>50.0</Version><CookieSupport>True</CookieSupport><JSSupport>True</JSSupport><Platform>WinNT</Platform></Browser><ElementsInSession>2</ElementsInSession><ElementsInCookies>1</ElementsInCookies><ElementsInCache>0</ElementsInCache></Activity><Activity><DateTime>02-06-2016 11:44:06 PM</DateTime><SessionID>jylhmz51xursd3iemkluay0t</SessionID><UID></UID><Summary>Some info was loged on 02 June 2016 11:44:06 PM</Summary><Message>Get successfull for username : Guest</Message><User type="Guest">ARS000</User><Info><Verb>GET</Verb><URL>localhost/takeoff/Activity.aspx?fid=06022016_23.txt</URL><ServerIP>192.168.0.11 THE_MACHINE</ServerIP><ClientIP>::1 ::1</ClientIP><ReffererURL>localhost/takeoff/selectactivity.aspx</ReffererURL></Info><Browser><Name>Chrome</Name><Version>50.0</Version><CookieSupport>True</CookieSupport><JSSupport>True</JSSupport><Platform>WinNT</Platform></Browser><ElementsInSession>2</ElementsInSession><ElementsInCookies>1</ElementsInCookies><ElementsInCache>0</ElementsInCache></Activity><Activity><DateTime>02-06-2016 11:45:30 PM</DateTime><SessionID>jylhmz51xursd3iemkluay0t</SessionID><UID></UID><Summary>Some info was loged on 02 June 2016 11:45:30 PM</Summary><Message>Get successfull for username : Guest</Message><User type="Guest">ARS000</User><Info><Verb>GET</Verb><URL>localhost/takeoff/selectactivity.aspx</URL><ServerIP>192.168.0.11 THE_MACHINE</ServerIP><ClientIP>::1 ::1</ClientIP></Info><Browser><Name>Chrome</Name><Version>50.0</Version><CookieSupport>True</CookieSupport><JSSupport>True</JSSupport><Platform>WinNT</Platform></Browser><ElementsInSession>2</ElementsInSession><ElementsInCookies>1</ElementsInCookies><ElementsInCache>0</ElementsInCache></Activity><Activity><DateTime>02-06-2016 11:52:03 PM</DateTime><SessionID>jylhmz51xursd3iemkluay0t</SessionID><UID></UID><Summary>Some info was loged on 02 June 2016 11:52:03 PM</Summary><Message>New Session Started : 16393 jylhmz51xursd3iemkluay0t</Message><User type="Guest">ARS000</User><Info><Verb>POST</Verb><URL>localhost/takeoff/selectactivity.aspx</URL><ServerIP>192.168.0.11 THE_MACHINE</ServerIP><ClientIP>::1 ::1</ClientIP><ReffererURL>localhost/takeoff/selectactivity.aspx</ReffererURL></Info><Browser><Name>Chrome</Name><Version>50.0</Version><CookieSupport>True</CookieSupport><JSSupport>True</JSSupport><Platform>WinNT</Platform></Browser><ElementsInSession>2</ElementsInSession><ElementsInCookies>1</ElementsInCookies><ElementsInCache>0</ElementsInCache></Activity><Activity><DateTime>02-06-2016 11:52:03 PM</DateTime><SessionID>jylhmz51xursd3iemkluay0t</SessionID><UID></UID><Summary>Some info was loged on 02 June 2016 11:52:03 PM</Summary><Message>Get successfull for username : Guest</Message><User type="Guest">ARS000</User><Info><Verb>POST</Verb><URL>localhost/takeoff/selectactivity.aspx</URL><ServerIP>192.168.0.11 THE_MACHINE</ServerIP><ClientIP>::1 ::1</ClientIP><ReffererURL>localhost/takeoff/selectactivity.aspx</ReffererURL></Info><Browser><Name>Chrome</Name><Version>50.0</Version><CookieSupport>True</CookieSupport><JSSupport>True</JSSupport><Platform>WinNT</Platform></Browser><ElementsInSession>2</ElementsInSession><ElementsInCookies>1</ElementsInCookies><ElementsInCache>0</ElementsInCache></Activity><Activity><DateTime>02-06-2016 11:52:09 PM</DateTime><SessionID>jylhmz51xursd3iemkluay0t</SessionID><UID></UID><Summary>Some info was loged on 02 June 2016 11:52:09 PM</Summary><Message>Get successfull for username : Guest</Message><User type="Guest">ARS000</User><Info><Verb>POST</Verb><URL>localhost/takeoff/selectactivity.aspx</URL><ServerIP>192.168.0.11 THE_MACHINE</ServerIP><ClientIP>::1 ::1</ClientIP><ReffererURL>localhost/takeoff/selectactivity.aspx</ReffererURL></Info><Browser><Name>Chrome</Name><Version>50.0</Version><CookieSupport>True</CookieSupport><JSSupport>True</JSSupport><Platform>WinNT</Platform></Browser><ElementsInSession>2</ElementsInSession><ElementsInCookies>1</ElementsInCookies><ElementsInCache>0</ElementsInCache></Activity><Activity><DateTime>02-06-2016 11:52:09 PM</DateTime><SessionID>jylhmz51xursd3iemkluay0t</SessionID><UID></UID><Summary>Some info was loged on 02 June 2016 11:52:09 PM</Summary><Message>Get successfull for username : Guest</Message><User type="Guest">ARS000</User><Info><Verb>GET</Verb><URL>localhost/takeoff/Activity.aspx?fid=06022016_23.txt</URL><ServerIP>192.168.0.11 THE_MACHINE</ServerIP><ClientIP>::1 ::1</ClientIP><ReffererURL>localhost/takeoff/selectactivity.aspx</ReffererURL></Info><Browser><Name>Chrome</Name><Version>50.0</Version><CookieSupport>True</CookieSupport><JSSupport>True</JSSupport><Platform>WinNT</Platform></Browser><ElementsInSession>2</ElementsInSession><ElementsInCookies>1</ElementsInCookies><ElementsInCache>0</ElementsInCache></Activity></Activities>